"project";"link";"area";"price_with_discount";"price_without_discount";"flat_id";"floor";"building_name";"section_number";"section_floors_count"
"Октябрьский на Туре";"https://tyumen.brusnika.ru/flat/52868/";"21,1";"4520000";"5520000";"52868";"6";"Дом 9";"1";"17"
"Октябрьский на Туре";"https://tyumen.brusnika.ru/flat/54209/";"23,8";"4910000";"5910000";"54209";"11";"Дом 9";"1";"17"
"Октябрьский на Туре";"https://tyumen.brusnika.ru/flat/54207/";"23,8";"5100000";"6100000";"54207";"15";"Дом 9";"1";"17"
"Дом у озера";"https://tyumen.brusnika.ru/flat/60104/";"20,1";"5160000";"6160000";"60104";"2";"Дом у озера 3";"5";"7"
"Зарека";"https://tyumen.brusnika.ru/flat/71355/";"23,8";"5230000";"6550000";"71355";"3";"Дом 5-2";"6";"7"
"Европейский квартал";"https://tyumen.brusnika.ru/flat/37592/";"20,1";"";"5300000";"37592";"4";"Дом 12";"1";"10"
"Зарека";"https://tyumen.brusnika.ru/flat/64949/";"23,1";"5380000";"6710000";"64949";"16";"Дом 5-2";"1";"16"
"Октябрьский на Туре";"https://tyumen.brusnika.ru/flat/46565/";"18,2";"";"5400000";"46565";"7";"Дом 8";"2";"9"
"Октябрьский на Туре";"https://tyumen.brusnika.ru/flat/54839/";"18,7";"";"5480000";"54839";"2";"Дом 9";"5";"7"
"Октябрьский на Туре";"https://tyumen.brusnika.ru/flat/50763/";"21";"";"5540000";"50763";"5";"Дом 10";"1";"7"
"Республики 205";"https://tyumen.brusnika.ru/flat/71874/";"21,3";"";"5650000";"71874";"4";"Дом 3-1";"4";"8"
"Зарека";"https://tyumen.brusnika.ru/flat/70097/";"32,7";"5700000";"6880000";"70097";"7";"Дом 5-1";"1";"25"
"Республики 205";"https://tyumen.brusnika.ru/flat/56402/";"36,2";"5730000";"7080000";"56402";"18";"Дом 3-1";"1";"18"
"Октябрьский на Туре";"https://tyumen.brusnika.ru/flat/48880/";"26,6";"5760000";"7040000";"48880";"8";"Дом 10";"2";"8"
"Республики 205";"https://tyumen.brusnika.ru/flat/56388/";"36,2";"5790000";"7150000";"56388";"18";"Дом 3-1";"1";"18"
"Республики 205";"https://tyumen.brusnika.ru/flat/56071/";"36,2";"5790000";"7150000";"56071";"16";"Дом 3-1";"1";"18"
"Республики 205";"https://tyumen.brusnika.ru/flat/56075/";"24,3";"";"5800000";"56075";"6";"Дом 3-1";"6";"8"
"Октябрьский на Туре";"https://tyumen.brusnika.ru/flat/46956/";"21,1";"";"5840000";"46956";"6";"Дом 8";"2";"9"
"Октябрьский на Туре";"https://tyumen.brusnika.ru/flat/52225/";"23,8";"";"5910000";"52225";"13";"Дом 9";"1";"17"
"Октябрьский на Туре";"https://tyumen.brusnika.ru/flat/56914/";"21,1";"";"5910000";"56914";"16";"Дом 9";"1";"17"
"Зарека";"https://tyumen.brusnika.ru/flat/58297/";"31,9";"5990000";"7170000";"58297";"13";"Дом 5-1";"1";"25"
"Дом у озера";"https://tyumen.brusnika.ru/flat/66345/";"23,9";"6120000";"7120000";"66345";"4";"Урбан-вилла 1";"1";"8"
"Дом у озера";"https://tyumen.brusnika.ru/flat/58847/";"19,9";"";"6190000";"58847";"2";"Дом у озера 3";"4";"8"
"Дом у озера";"https://tyumen.brusnika.ru/flat/60160/";"20,1";"";"6220000";"60160";"4";"Дом у озера 3";"5";"7"
"Речной порт";"https://tyumen.brusnika.ru/flat/73839/";"25,5";"6240000";"7240000";"73839";"9";"Дом 4";"3";"10"
"Октябрьский на Туре";"https://tyumen.brusnika.ru/flat/46706/";"23,7";"";"6310000";"46706";"7";"Дом 8";"6";"17"
"Зарека";"https://tyumen.brusnika.ru/flat/67912/";"33,8";"6340000";"7540000";"67912";"15";"Дом 5-1";"1";"25"
"Октябрьский на Туре";"https://tyumen.brusnika.ru/flat/70059/";"26,6";"";"6340000";"70059";"6";"Дом 10";"2";"8"
"Зарека";"https://tyumen.brusnika.ru/flat/66320/";"33,8";"6420000";"7620000";"66320";"7";"Дом 5-1";"1";"25"
"Зарека";"https://tyumen.brusnika.ru/flat/67047/";"30";"";"6440000";"67047";"2";"Дом 2-1";"1";"8"
"Речной порт";"https://tyumen.brusnika.ru/flat/72137/";"25,5";"";"6450000";"72137";"3";"Дом 6-2";"2";"12"
"Октябрьский на Туре";"https://tyumen.brusnika.ru/flat/46978/";"23,9";"";"6460000";"46978";"13";"Дом 8";"6";"17"
"Октябрьский на Туре";"https://tyumen.brusnika.ru/flat/58366/";"40,2";"6490000";"7890000";"58366";"5";"Дом 10";"3";"8"
"Зарека";"https://tyumen.brusnika.ru/flat/51624/";"23,8";"";"6500000";"51624";"3";"Дом 5-2";"3";"9"
"Зарека";"https://tyumen.brusnika.ru/flat/56215/";"23,8";"";"6500000";"56215";"2";"Дом 5-2";"6";"7"
"Зарека";"https://tyumen.brusnika.ru/flat/57122/";"33,9";"6520000";"7720000";"57122";"10";"Дом 5-1";"1";"25"
"Зарека";"https://tyumen.brusnika.ru/flat/67319/";"30";"";"6520000";"67319";"3";"Дом 2-1";"3";"8"
"Зарека";"https://tyumen.brusnika.ru/flat/67157/";"30";"";"6530000";"67157";"5";"Дом 2-1";"1";"8"
"Зарека";"https://tyumen.brusnika.ru/flat/53124/";"23,8";"";"6570000";"53124";"6";"Дом 5-2";"3";"9"
"Зарека";"https://tyumen.brusnika.ru/flat/52924/";"26,5";"";"6590000";"52924";"8";"Дом 5-2";"1";"16"
"Зарека";"https://tyumen.brusnika.ru/flat/67142/";"35,1";"";"6630000";"67142";"5";"Дом 2-1";"5";"16"
"Октябрьский на Туре";"https://tyumen.brusnika.ru/flat/73999/";"45,9";"6660000";"7760000";"73999";"6";"Дом 9";"1";"17"
"Зарека";"https://tyumen.brusnika.ru/flat/67079/";"35,1";"";"6670000";"67079";"8";"Дом 2-1";"5";"16"
"Зарека";"https://tyumen.brusnika.ru/flat/67916/";"32,7";"";"6680000";"67916";"6";"Дом 5-1";"1";"25"
"Зарека";"https://tyumen.brusnika.ru/flat/58300/";"26,6";"";"6680000";"58300";"14";"Дом 5-2";"1";"16"
"Октябрьский на Туре";"https://tyumen.brusnika.ru/flat/52224/";"45,9";"6690000";"7690000";"52224";"3";"Дом 9";"1";"17"
"Зарека";"https://tyumen.brusnika.ru/flat/66881/";"26,6";"";"6710000";"66881";"12";"Дом 5-2";"1";"16"
"Зарека";"https://tyumen.brusnika.ru/flat/70084/";"22,8";"";"6710000";"70084";"15";"Дом 5-2";"1";"16"
"Зарека";"https://tyumen.brusnika.ru/flat/67911/";"32,7";"";"6730000";"67911";"10";"Дом 5-1";"1";"25"
"Зарека";"https://tyumen.brusnika.ru/flat/73282/";"35,1";"6740000";"7950000";"73282";"7";"Дом 5-2";"4";"8"
"Речной порт";"https://tyumen.brusnika.ru/flat/47003/";"21,4";"";"6750000";"47003";"7";"Дом 8";"5";""
"Зарека";"https://tyumen.brusnika.ru/flat/65617/";"33,5";"6760000";"7960000";"65617";"19";"Дом 5-1";"1";"25"
"Октябрьский на Туре";"https://tyumen.brusnika.ru/flat/73997/";"45,9";"6770000";"8030000";"73997";"12";"Дом 9";"1";"17"
"Зарека";"https://tyumen.brusnika.ru/flat/58287/";"33,4";"";"6870000";"58287";"6";"Дом 5-1";"1";"25"
"Зарека";"https://tyumen.brusnika.ru/flat/70096/";"32,7";"";"6880000";"70096";"8";"Дом 5-1";"1";"25"
"Октябрьский на Туре";"https://tyumen.brusnika.ru/flat/73996/";"32,5";"";"6880000";"73996";"4";"Дом 9";"4";"9"
"Речной порт";"https://tyumen.brusnika.ru/flat/71360/";"25,5";"";"6880000";"71360";"2";"Дом 4";"3";"10"
"Октябрьский на Туре";"https://tyumen.brusnika.ru/flat/51737/";"37,8";"";"6900000";"51737";"3";"Дом 9";"5";"7"
"Октябрьский на Туре";"https://tyumen.brusnika.ru/flat/67893/";"45,9";"6910000";"8110000";"67893";"15";"Дом 9";"1";"17"
"Зарека";"https://tyumen.brusnika.ru/flat/67265/";"31,4";"";"6910000";"67265";"15";"Дом 2-1";"5";"16"
"Октябрьский на Туре";"https://tyumen.brusnika.ru/flat/48910/";"45,7";"6920000";"8120000";"48910";"13";"Дом 8";"6";"17"
"Октябрьский на Туре";"https://tyumen.brusnika.ru/flat/46975/";"45,8";"6950000";"8160000";"46975";"14";"Дом 8";"6";"17"
"Речной порт";"https://tyumen.brusnika.ru/flat/54105/";"25,5";"";"6950000";"54105";"2";"Дом 4";"3";"10"
"Зарека";"https://tyumen.brusnika.ru/flat/65616/";"31,5";"";"6960000";"65616";"13";"Дом 5-1";"1";"25"
"Октябрьский на Туре";"https://tyumen.brusnika.ru/flat/52901/";"37,8";"";"6970000";"52901";"2";"Дом 9";"5";"7"
"Октябрьский на Туре";"https://tyumen.brusnika.ru/flat/54208/";"32,7";"";"7000000";"54208";"5";"Дом 9";"2";"9"
"Октябрьский на Туре";"https://tyumen.brusnika.ru/flat/52222/";"37,8";"";"7000000";"52222";"4";"Дом 9";"6";"7"
"Кварталы «На Минской»";"https://tyumen.brusnika.ru/flat/67339/";"22,6";"";"7010000";"67339";"5";"Дом 2";"5";"11"
"Октябрьский на Туре";"https://tyumen.brusnika.ru/flat/72709/";"35";"";"7060000";"72709";"5";"Дом 9";"4";"9"
"Октябрьский на Туре";"https://tyumen.brusnika.ru/flat/54840/";"32,3";"";"7080000";"54840";"6";"Дом 9";"3";"9"
"Октябрьский на Туре";"https://tyumen.brusnika.ru/flat/67898/";"36,9";"";"7080000";"67898";"2";"Дом 9";"6";"7"
"Речной порт";"https://tyumen.brusnika.ru/flat/54123/";"25,5";"";"7100000";"54123";"7";"Дом 4";"3";"10"
"Зарека";"https://tyumen.brusnika.ru/flat/67162/";"30,2";"";"7120000";"67162";"8";"Дом 2-1";"2";"8"
"Речной порт";"https://tyumen.brusnika.ru/flat/67927/";"25,5";"";"7140000";"67927";"4";"Дом 4";"3";"10"
"Зарека";"https://tyumen.brusnika.ru/flat/70085/";"39,9";"7150000";"8310000";"70085";"8";"Дом 5-2";"3";"9"
"Октябрьский на Туре";"https://tyumen.brusnika.ru/flat/59873/";"40,1";"";"7180000";"59873";"6";"Дом 9";"4";"9"
"Зарека";"https://tyumen.brusnika.ru/flat/67052/";"39";"";"7190000";"67052";"4";"Дом 2-1";"5";"16"
"Речной порт";"https://tyumen.brusnika.ru/flat/67923/";"25,6";"";"7200000";"67923";"6";"Дом 4";"3";"10"
"Республики 205";"https://tyumen.brusnika.ru/flat/56969/";"36,2";"";"7200000";"56969";"15";"Дом 3-1";"1";"18"
"Речной порт";"https://tyumen.brusnika.ru/flat/73838/";"25,6";"";"7210000";"73838";"6";"Дом 4";"4";"8"
"Октябрьский на Туре";"https://tyumen.brusnika.ru/flat/48889/";"31,8";"";"7210000";"48889";"9";"Дом 8";"2";"9"
"Зарека";"https://tyumen.brusnika.ru/flat/67285/";"39";"";"7220000";"67285";"6";"Дом 2-1";"5";"16"
"Речной порт";"https://tyumen.brusnika.ru/flat/66349/";"25,6";"";"7230000";"66349";"5";"Дом 4";"5";"7"
"Октябрьский на Туре";"https://tyumen.brusnika.ru/flat/59884/";"32,1";"";"7240000";"59884";"9";"Дом 9";"4";"9"
"Кварталы «На Минской»";"https://tyumen.brusnika.ru/flat/62439/";"25,2";"";"7240000";"62439";"9";"Дом 1";"1";"16"
"Зарека";"https://tyumen.brusnika.ru/flat/67172/";"31,8";"";"7250000";"67172";"3";"Дом 2-1";"4";"8"
"Кварталы «На Минской»";"https://tyumen.brusnika.ru/flat/74031/";"25,2";"";"7280000";"74031";"7";"Дом 1";"1";"16"
"Кварталы «На Минской»";"https://tyumen.brusnika.ru/flat/62436/";"25,2";"";"7280000";"62436";"10";"Дом 1";"1";"16"
"Зарека";"https://tyumen.brusnika.ru/flat/67295/";"39";"";"7290000";"67295";"7";"Дом 2-1";"5";"16"
"Зарека";"https://tyumen.brusnika.ru/flat/67322/";"39";"";"7290000";"67322";"9";"Дом 2-1";"5";"16"
"Октябрьский на Туре";"https://tyumen.brusnika.ru/flat/46947/";"31,9";"";"7300000";"46947";"6";"Дом 8";"1";"9"
"Октябрьский на Туре";"https://tyumen.brusnika.ru/flat/73993/";"38";"";"7310000";"73993";"2";"Дом 9";"6";"7"
"Кварталы «На Минской»";"https://tyumen.brusnika.ru/flat/62437/";"25,2";"";"7320000";"62437";"13";"Дом 1";"1";"16"
"Республики 205";"https://tyumen.brusnika.ru/flat/54810/";"36,2";"";"7320000";"54810";"12";"Дом 3-1";"1";"18"
"Республики 205";"https://tyumen.brusnika.ru/flat/56384/";"36,2";"";"7320000";"56384";"13";"Дом 3-1";"1";"18"
"Дом у озера";"https://tyumen.brusnika.ru/flat/60146/";"34,5";"7330000";"8770000";"60146";"2";"Урбан-вилла 1";"1";"8"
"Дом у озера";"https://tyumen.brusnika.ru/flat/47939/";"34,2";"";"7330000";"47939";"5";"Дом у озера 2";"8";""
"Дом у озера";"https://tyumen.brusnika.ru/flat/44422/";"34";"";"7330000";"44422";"3";"Дом у озера 2";"8";""
"Дом у озера";"https://tyumen.brusnika.ru/flat/47996/";"34,3";"";"7330000";"47996";"6";"Дом у озера 2";"8";""
"Зарека";"https://tyumen.brusnika.ru/flat/67132/";"31,9";"";"7340000";"67132";"6";"Дом 2-1";"4";"8"
"Зарека";"https://tyumen.brusnika.ru/flat/67278/";"32,7";"";"7340000";"67278";"5";"Дом 2-1";"4";"8"
"Октябрьский на Туре";"https://tyumen.brusnika.ru/flat/56911/";"37,8";"";"7380000";"56911";"3";"Дом 9";"4";"9"
"Зарека";"https://tyumen.brusnika.ru/flat/67210/";"32,5";"";"7390000";"67210";"5";"Дом 2-1";"2";"8"
"Октябрьский на Туре";"https://tyumen.brusnika.ru/flat/40230/";"50,6";"7390000";"8390000";"40230";"13";"Дом 7-1";"2";"17"
"Зарека";"https://tyumen.brusnika.ru/flat/67139/";"32,5";"";"7390000";"67139";"4";"Дом 2-1";"2";"8"
"Республики 205";"https://tyumen.brusnika.ru/flat/56421/";"36,2";"";"7430000";"56421";"17";"Дом 3-1";"1";"18"
"Зарека";"https://tyumen.brusnika.ru/flat/69615/";"27,2";"";"7460000";"69615";"9";"Дом 5-2";"3";"9"
"Речной порт";"https://tyumen.brusnika.ru/flat/73826/";"25,6";"";"7480000";"73826";"6";"Дом 4";"5";"7"
"Зарека";"https://tyumen.brusnika.ru/flat/57166/";"31,9";"";"7490000";"57166";"3";"Дом 5-1";"1";"25"
"Октябрьский на Туре";"https://tyumen.brusnika.ru/flat/40263/";"45,5";"7500000";"8580000";"40263";"15";"Дом 7-1";"2";"17"
"Республики 205";"https://tyumen.brusnika.ru/flat/48205/";"40,5";"";"7530000";"48205";"2";"Дом 2";"7";"7"
"Кварталы «На Минской»";"https://tyumen.brusnika.ru/flat/74038/";"25,2";"";"7560000";"74038";"12";"Дом 1";"1";"16"
"Октябрьский на Туре";"https://tyumen.brusnika.ru/flat/46717/";"53,1";"7570000";"9030000";"46717";"16";"Дом 8";"6";"17"
"Зарека";"https://tyumen.brusnika.ru/flat/59836/";"33,8";"";"7670000";"59836";"9";"Дом 5-1";"1";"25"
"Республики 205";"https://tyumen.brusnika.ru/flat/71872/";"39";"";"7690000";"71872";"7";"Дом 3-1";"8";"8"
"Зарека";"https://tyumen.brusnika.ru/flat/52935/";"43,8";"";"7690000";"52935";"2";"Дом 5-2";"3";"9"
"Зарека";"https://tyumen.brusnika.ru/flat/65608/";"33,8";"";"7720000";"65608";"17";"Дом 5-1";"1";"25"
"Зарека";"https://tyumen.brusnika.ru/flat/70098/";"33,8";"";"7720000";"70098";"10";"Дом 5-1";"1";"25"
"Зарека";"https://tyumen.brusnika.ru/flat/70100/";"33,5";"";"7750000";"70100";"14";"Дом 5-1";"1";"25"
"Зарека";"https://tyumen.brusnika.ru/flat/57190/";"33,7";"";"7750000";"57190";"14";"Дом 5-1";"1";"25"
"Речной порт";"https://tyumen.brusnika.ru/flat/72177/";"34,3";"";"7770000";"72177";"6";"Дом 6-2";"2";"12"
"Речной порт";"https://tyumen.brusnika.ru/flat/72232/";"34";"";"7780000";"72232";"5";"Дом 6-2";"2";"12"
"Зарека";"https://tyumen.brusnika.ru/flat/63964/";"33,8";"";"7790000";"63964";"20";"Дом 5-1";"1";"25"
"Зарека";"https://tyumen.brusnika.ru/flat/67914/";"33,7";"";"7790000";"67914";"16";"Дом 5-1";"1";"25"
"Зарека";"https://tyumen.brusnika.ru/flat/66994/";"45,4";"7800000";"9050000";"66994";"4";"Дом 5-2";"3";"9"
"Октябрьский на Туре";"https://tyumen.brusnika.ru/flat/49062/";"40";"";"7830000";"49062";"4";"Дом 10";"6";"7"
"Речной порт";"https://tyumen.brusnika.ru/flat/72231/";"34,3";"";"7830000";"72231";"9";"Дом 6-2";"2";"12"
"Октябрьский на Туре";"https://tyumen.brusnika.ru/flat/50764/";"39,9";"";"7830000";"50764";"4";"Дом 10";"1";"7"
"Октябрьский на Туре";"https://tyumen.brusnika.ru/flat/48607/";"42,5";"";"7840000";"48607";"3";"Дом 10";"6";"7"
"Зарека";"https://tyumen.brusnika.ru/flat/67192/";"32,4";"";"7840000";"67192";"8";"Дом 2-1";"3";"8"
"Зарека";"https://tyumen.brusnika.ru/flat/69616/";"35,2";"";"7840000";"69616";"9";"Дом 5-2";"3";"9"
"Речной порт";"https://tyumen.brusnika.ru/flat/72162/";"33,5";"";"7860000";"72162";"7";"Дом 6-2";"2";"12"
"Зарека";"https://tyumen.brusnika.ru/flat/67251/";"36,3";"";"7880000";"67251";"10";"Дом 2-1";"5";"16"
"Октябрьский на Туре";"https://tyumen.brusnika.ru/flat/48876/";"40,2";"";"7910000";"48876";"4";"Дом 10";"1";"7"
"Зарека";"https://tyumen.brusnika.ru/flat/66993/";"45,1";"7910000";"9060000";"66993";"6";"Дом 5-2";"3";"9"
"Речной порт";"https://tyumen.brusnika.ru/flat/72189/";"33,5";"";"7910000";"72189";"9";"Дом 6-2";"2";"12"
"Октябрьский на Туре";"https://tyumen.brusnika.ru/flat/67900/";"45,6";"";"7980000";"67900";"7";"Дом 10";"2";"8"
"Октябрьский на Туре";"https://tyumen.brusnika.ru/flat/48916/";"45,6";"";"7980000";"48916";"6";"Дом 10";"2";"8"
"Зарека";"https://tyumen.brusnika.ru/flat/69760/";"50,9";"8000000";"9050000";"69760";"8";"Дом 5-2";"1";"16"
"Зарека";"https://tyumen.brusnika.ru/flat/67114/";"32,2";"";"8010000";"67114";"7";"Дом 2-1";"4";"8"
"Октябрьский на Туре";"https://tyumen.brusnika.ru/flat/52510/";"45,9";"";"8010000";"52510";"10";"Дом 9";"1";"17"
"Зарека";"https://tyumen.brusnika.ru/flat/63957/";"33,5";"";"8020000";"63957";"20";"Дом 5-1";"1";"25"
"Октябрьский на Туре";"https://tyumen.brusnika.ru/flat/46750/";"45,9";"";"8040000";"46750";"10";"Дом 8";"6";"17"
"Октябрьский на Туре";"https://tyumen.brusnika.ru/flat/54221/";"45,9";"";"8040000";"54221";"14";"Дом 9";"1";"17"
"Октябрьский на Туре";"https://tyumen.brusnika.ru/flat/73995/";"45,9";"";"8040000";"73995";"14";"Дом 9";"1";"17"
"Октябрьский на Туре";"https://tyumen.brusnika.ru/flat/46765/";"45,7";"";"8040000";"46765";"11";"Дом 8";"6";"17"
"Октябрьский на Туре";"https://tyumen.brusnika.ru/flat/46968/";"45,7";"";"8080000";"46968";"12";"Дом 8";"6";"17"
"Речной порт";"https://tyumen.brusnika.ru/flat/72307/";"37,7";"";"8080000";"72307";"8";"Дом 6-2";"3";"18"
"Дом у озера";"https://tyumen.brusnika.ru/flat/60096/";"43,2";"8090000";"9250000";"60096";"2";"Дом у озера 3";"4";"8"
"Дом у озера";"https://tyumen.brusnika.ru/flat/46981/";"42";"8090000";"9250000";"46981";"6";"Дом у озера 2";"2";""
"Зарека";"https://tyumen.brusnika.ru/flat/70087/";"37,9";"";"8090000";"70087";"7";"Дом 5-2";"2";"9"
"Октябрьский на Туре";"https://tyumen.brusnika.ru/flat/58351/";"46,6";"";"8110000";"58351";"17";"Дом 9";"1";"17"
"Кварталы «На Минской»";"https://tyumen.brusnika.ru/flat/74034/";"24,6";"";"8120000";"74034";"6";"Дом 1";"2";"7"
"Речной порт";"https://tyumen.brusnika.ru/flat/72210/";"37,1";"";"8130000";"72210";"10";"Дом 6-2";"3";"18"
"Речной порт";"https://tyumen.brusnika.ru/flat/72299/";"37,1";"";"8130000";"72299";"11";"Дом 6-2";"3";"18"
"Республики 205";"https://tyumen.brusnika.ru/flat/57934/";"35,6";"";"8140000";"57934";"9";"Дом 2";"1";"9"
"Октябрьский на Туре";"https://tyumen.brusnika.ru/flat/67896/";"45,9";"";"8150000";"67896";"16";"Дом 9";"1";"17"
"Октябрьский на Туре";"https://tyumen.brusnika.ru/flat/46979/";"46";"";"8160000";"46979";"14";"Дом 8";"6";"17"
"Октябрьский на Туре";"https://tyumen.brusnika.ru/flat/48574/";"63,3";"8160000";"9160000";"48574";"4";"Дом 10";"2";"8"
"Зарека";"https://tyumen.brusnika.ru/flat/66991/";"35,1";"";"8170000";"66991";"8";"Дом 5-2";"4";"8"
"Октябрьский на Туре";"https://tyumen.brusnika.ru/flat/48600/";"62,7";"8190000";"9190000";"48600";"2";"Дом 10";"6";"7"
"Зарека";"https://tyumen.brusnika.ru/flat/67282/";"36,8";"";"8210000";"67282";"2";"Дом 2-1";"1";"8"
"Зарека";"https://tyumen.brusnika.ru/flat/67335/";"36,8";"";"8210000";"67335";"2";"Дом 2-1";"3";"8"
"Республики 205";"https://tyumen.brusnika.ru/flat/71883/";"46,2";"";"8230000";"71883";"3";"Дом 3-1";"3";"9"
"Республики 205";"https://tyumen.brusnika.ru/flat/71876/";"45,9";"";"8240000";"71876";"3";"Дом 3-1";"7";"9"
"Зарека";"https://tyumen.brusnika.ru/flat/67279/";"36,8";"";"8280000";"67279";"3";"Дом 2-1";"3";"8"
"Зарека";"https://tyumen.brusnika.ru/flat/67072/";"36,8";"";"8280000";"67072";"3";"Дом 2-1";"7";"7"
"Зарека";"https://tyumen.brusnika.ru/flat/67153/";"36,8";"";"8280000";"67153";"3";"Дом 2-1";"1";"8"
"Речной порт";"https://tyumen.brusnika.ru/flat/72241/";"37,7";"";"8280000";"72241";"14";"Дом 6-2";"3";"18"
"Зарека";"https://tyumen.brusnika.ru/flat/66997/";"50,7";"8300000";"9790000";"66997";"13";"Дом 5-2";"1";"16"
"Республики 205";"https://tyumen.brusnika.ru/flat/71862/";"42,6";"";"8310000";"71862";"9";"Дом 3-1";"7";"9"
"Зарека";"https://tyumen.brusnika.ru/flat/67204/";"36,8";"";"8320000";"67204";"5";"Дом 2-1";"1";"8"
"Республики 205";"https://tyumen.brusnika.ru/flat/71885/";"45,9";"";"8320000";"71885";"2";"Дом 3-1";"8";"8"
"Республики 205";"https://tyumen.brusnika.ru/flat/71866/";"46,2";"";"8360000";"71866";"7";"Дом 3-1";"3";"9"
"Республики 205";"https://tyumen.brusnika.ru/flat/67903/";"45,9";"";"8360000";"67903";"4";"Дом 3-1";"3";"9"
"Октябрьский на Туре";"https://tyumen.brusnika.ru/flat/52240/";"72,5";"8380000";"9380000";"52240";"2";"Дом 9";"1";"17"
"Республики 205";"https://tyumen.brusnika.ru/flat/71861/";"45,9";"";"8390000";"71861";"6";"Дом 3-1";"3";"9"
"Кварталы «На Минской»";"https://tyumen.brusnika.ru/flat/49643/";"44,3";"8410000";"9940000";"49643";"3";"Дом 1";"1";"16"
"Зарека";"https://tyumen.brusnika.ru/flat/47700/";"38,4";"";"8420000";"47700";"8";"Дом 1";"2";"9"
"Кварталы «На Минской»";"https://tyumen.brusnika.ru/flat/62456/";"41,7";"8420000";"9950000";"62456";"6";"Дом 2";"3";"7"
"Республики 205";"https://tyumen.brusnika.ru/flat/44863/";"44,4";"";"8420000";"44863";"4";"Дом 1";"8";"9"
"Речной порт";"https://tyumen.brusnika.ru/flat/72140/";"44,6";"";"8430000";"72140";"2";"Дом 6-2";"3";"18"
"Республики 205";"https://tyumen.brusnika.ru/flat/71879/";"45,9";"";"8440000";"71879";"5";"Дом 3-1";"6";"8"
"Кварталы «На Минской»";"https://tyumen.brusnika.ru/flat/70103/";"41,1";"8450000";"9980000";"70103";"7";"Дом 2";"5";"11"
"Республики 205";"https://tyumen.brusnika.ru/flat/71853/";"48,8";"";"8480000";"71853";"4";"Дом 3-1";"7";"9"
"Речной порт";"https://tyumen.brusnika.ru/flat/54118/";"43,1";"8500000";"9760000";"54118";"5";"Дом 4";"6";"9"
"Речной порт";"https://tyumen.brusnika.ru/flat/72274/";"43";"";"8500000";"72274";"12";"Дом 6-2";"3";"18"
"Речной порт";"https://tyumen.brusnika.ru/flat/72264/";"43";"";"8500000";"72264";"13";"Дом 6-2";"3";"18"
"Кварталы «На Минской»";"https://tyumen.brusnika.ru/flat/62460/";"41,6";"8510000";"9840000";"62460";"3";"Дом 2";"3";"7"
"Кварталы «На Минской»";"https://tyumen.brusnika.ru/flat/56273/";"44,3";"8510000";"10040000";"56273";"6";"Дом 1";"1";"16"
"Речной порт";"https://tyumen.brusnika.ru/flat/67886/";"32,6";"";"8530000";"67886";"3";"Дом 4";"8";"9"
"Республики 205";"https://tyumen.brusnika.ru/flat/71858/";"45,8";"";"8540000";"71858";"5";"Дом 3-1";"7";"9"
"Речной порт";"https://tyumen.brusnika.ru/flat/71347/";"43,1";"8550000";"9820000";"71347";"7";"Дом 4";"6";"9"
"Республики 205";"https://tyumen.brusnika.ru/flat/66685/";"42,9";"";"8550000";"66685";"10";"Дом 3-1";"1";"18"
"Речной порт";"https://tyumen.brusnika.ru/flat/72286/";"52,6";"";"8550000";"72286";"7";"Дом 6-2";"3";"18"
"Республики 205";"https://tyumen.brusnika.ru/flat/66686/";"45,8";"";"8590000";"66686";"7";"Дом 3-1";"1";"18"
"Республики 205";"https://tyumen.brusnika.ru/flat/67904/";"45,9";"";"8590000";"67904";"6";"Дом 3-1";"7";"9"
"Республики 205";"https://tyumen.brusnika.ru/flat/71884/";"45,8";"";"8590000";"71884";"6";"Дом 3-1";"1";"18"
"Речной порт";"https://tyumen.brusnika.ru/flat/71365/";"35,3";"8610000";"10440000";"71365";"9";"Дом 4";"8";"9"
"Республики 205";"https://tyumen.brusnika.ru/flat/71886/";"48,9";"";"8610000";"71886";"7";"Дом 3-1";"2";"8"
"Речной порт";"https://tyumen.brusnika.ru/flat/72179/";"43";"";"8620000";"72179";"16";"Дом 6-2";"3";"18"
"Республики 205";"https://tyumen.brusnika.ru/flat/71867/";"45,8";"";"8650000";"71867";"9";"Дом 3-1";"1";"18"
"Зарека";"https://tyumen.brusnika.ru/flat/67163/";"41,4";"";"8650000";"67163";"2";"Дом 2-1";"6";"7"
"Республики 205";"https://tyumen.brusnika.ru/flat/58408/";"45,8";"";"8680000";"58408";"7";"Дом 3-1";"7";"9"
"Октябрьский на Туре";"https://tyumen.brusnika.ru/flat/52218/";"49,3";"";"8690000";"52218";"11";"Дом 9";"1";"17"
"Октябрьский на Туре";"https://tyumen.brusnika.ru/flat/48982/";"59,1";"";"8690000";"48982";"4";"Дом 10";"3";"8"
"Дом у озера";"https://tyumen.brusnika.ru/flat/67943/";"33";"";"8720000";"67943";"4";"Урбан-вилла 1";"1";"8"
"Республики 205";"https://tyumen.brusnika.ru/flat/66668/";"55,8";"";"8730000";"66668";"13";"Дом 3-1";"1";"18"
"Республики 205";"https://tyumen.brusnika.ru/flat/56382/";"55,9";"";"8730000";"56382";"12";"Дом 3-1";"1";"18"
"Речной порт";"https://tyumen.brusnika.ru/flat/73830/";"35,3";"";"8780000";"73830";"8";"Дом 4";"8";"9"
"Октябрьский на Туре";"https://tyumen.brusnika.ru/flat/48571/";"59,1";"";"8780000";"48571";"2";"Дом 10";"2";"8"
"Зарека";"https://tyumen.brusnika.ru/flat/67308/";"37,9";"";"8780000";"67308";"11";"Дом 2-1";"5";"16"
"Октябрьский на Туре";"https://tyumen.brusnika.ru/flat/48867/";"55,9";"";"8800000";"48867";"7";"Дом 10";"1";"7"
"Речной порт";"https://tyumen.brusnika.ru/flat/65822/";"50,8";"8810000";"9810000";"65822";"2";"Дом 4";"3";"10"
"Зарека";"https://tyumen.brusnika.ru/flat/67038/";"37,9";"";"8830000";"67038";"14";"Дом 2-1";"5";"16"
"Кварталы «На Минской»";"https://tyumen.brusnika.ru/flat/54819/";"41,8";"8840000";"10360000";"54819";"4";"Дом 2";"2";"7"
"Кварталы «На Минской»";"https://tyumen.brusnika.ru/flat/54681/";"42,4";"8840000";"10360000";"54681";"4";"Дом 2";"2";"7"
"Кварталы «На Минской»";"https://tyumen.brusnika.ru/flat/58332/";"41,8";"8840000";"10360000";"58332";"5";"Дом 2";"3";"7"
"Октябрьский на Туре";"https://tyumen.brusnika.ru/flat/49012/";"59,1";"";"8850000";"49012";"7";"Дом 10";"3";"8"
"Кварталы «На Минской»";"https://tyumen.brusnika.ru/flat/58324/";"44,3";"8850000";"10370000";"58324";"11";"Дом 1";"1";"16"
"Республики 205";"https://tyumen.brusnika.ru/flat/56963/";"55,8";"";"8860000";"56963";"16";"Дом 3-1";"1";"18"
"Кварталы «На Минской»";"https://tyumen.brusnika.ru/flat/56296/";"47,2";"8890000";"10710000";"56296";"6";"Дом 2";"9";"7"
"Кварталы «На Минской»";"https://tyumen.brusnika.ru/flat/58325/";"45,8";"8890000";"10410000";"58325";"6";"Дом 1";"3";"7"
"Зарека";"https://tyumen.brusnika.ru/flat/71359/";"46,2";"";"8900000";"71359";"2";"Дом 5-2";"3";"9"
"Речной порт";"https://tyumen.brusnika.ru/flat/54171/";"40,5";"8900000";"9900000";"54171";"9";"Дом 4";"7";"10"
"Зарека";"https://tyumen.brusnika.ru/flat/73293/";"45,5";"";"8900000";"73293";"2";"Дом 5-2";"5";"6"
"Зарека";"https://tyumen.brusnika.ru/flat/73281/";"45,4";"";"8900000";"73281";"2";"Дом 5-2";"4";"8"
"Республики 205";"https://tyumen.brusnika.ru/flat/56373/";"44,8";"";"8920000";"56373";"7";"Дом 2";"7";"7"
"Кварталы «На Минской»";"https://tyumen.brusnika.ru/flat/62455/";"41,8";"8940000";"10460000";"62455";"6";"Дом 2";"3";"7"
"Республики 205";"https://tyumen.brusnika.ru/flat/54240/";"44";"";"8950000";"54240";"9";"Дом 2";"1";"9"
"Республики 205";"https://tyumen.brusnika.ru/flat/56369/";"44,1";"";"8950000";"56369";"9";"Дом 2";"1";"9"
"Республики 205";"https://tyumen.brusnika.ru/flat/58381/";"43,9";"";"8950000";"58381";"9";"Дом 2";"1";"9"
"Кварталы «На Минской»";"https://tyumen.brusnika.ru/flat/66323/";"39,6";"8960000";"10180000";"66323";"5";"Дом 1";"2";"7"
"Речной порт";"https://tyumen.brusnika.ru/flat/72156/";"44,4";"";"8980000";"72156";"6";"Дом 6-2";"1";"9"
"Речной порт";"https://tyumen.brusnika.ru/flat/72243/";"54";"";"9030000";"72243";"3";"Дом 6-2";"3";"18"
"Речной порт";"https://tyumen.brusnika.ru/flat/67931/";"35,3";"";"9040000";"67931";"6";"Дом 4";"4";"8"
"Зарека";"https://tyumen.brusnika.ru/flat/66865/";"45,4";"";"9040000";"66865";"3";"Дом 5-2";"6";"7"
"Зарека";"https://tyumen.brusnika.ru/flat/52524/";"45,1";"";"9050000";"52524";"4";"Дом 5-2";"3";"9"
"Дом у озера";"https://tyumen.brusnika.ru/flat/63918/";"54,1";"9050000";"10590000";"63918";"4";"Дом у озера 3";"3";"8"
"Кварталы «На Минской»";"https://tyumen.brusnika.ru/flat/62440/";"44,3";"9060000";"10580000";"62440";"13";"Дом 1";"1";"16"
"Речной порт";"https://tyumen.brusnika.ru/flat/72174/";"52,7";"";"9060000";"72174";"3";"Дом 6-2";"1";"9"
"Октябрьский на Туре";"https://tyumen.brusnika.ru/flat/51771/";"60,9";"";"9080000";"51771";"5";"Дом 9";"7";"7"
"Кварталы «На Минской»";"https://tyumen.brusnika.ru/flat/54727/";"43,9";"9110000";"10630000";"54727";"4";"Дом 2";"5";"11"
"Кварталы «На Минской»";"https://tyumen.brusnika.ru/flat/54732/";"44,2";"9110000";"10630000";"54732";"5";"Дом 2";"5";"11"
"Зарека";"https://tyumen.brusnika.ru/flat/64951/";"47,2";"9130000";"11210000";"64951";"16";"Дом 5-2";"1";"16"
"Речной порт";"https://tyumen.brusnika.ru/flat/72138/";"54";"";"9130000";"72138";"4";"Дом 6-2";"3";"18"
"Октябрьский на Туре";"https://tyumen.brusnika.ru/flat/39983/";"45";"";"9140000";"39983";"17";"Дом 7-1";"3";"17"
"Октябрьский на Туре";"https://tyumen.brusnika.ru/flat/40008/";"45,7";"";"9140000";"40008";"17";"Дом 7-1";"1";"17"
"Речной порт";"https://tyumen.brusnika.ru/flat/72267/";"40";"";"9160000";"72267";"7";"Дом 6-2";"3";"18"
"Зарека";"https://tyumen.brusnika.ru/flat/67136/";"46";"";"9160000";"67136";"2";"Дом 2-1";"1";"8"
"Октябрьский на Туре";"https://tyumen.brusnika.ru/flat/43277/";"70,6";"";"9160000";"43277";"9";"Дом 7-2";"1";"25"
"Республики 205";"https://tyumen.brusnika.ru/flat/71877/";"36";"";"9180000";"71877";"5";"Дом 3-1";"4";"8"
"Октябрьский на Туре";"https://tyumen.brusnika.ru/flat/73992/";"61,7";"";"9200000";"73992";"8";"Дом 9";"4";"9"
"Речной порт";"https://tyumen.brusnika.ru/flat/72165/";"44,8";"";"9240000";"72165";"11";"Дом 6-2";"2";"12"
"Дом у озера";"https://tyumen.brusnika.ru/flat/60136/";"43,2";"";"9250000";"60136";"2";"Дом у озера 3";"4";"8"
"Зарека";"https://tyumen.brusnika.ru/flat/70443/";"41,2";"";"9250000";"70443";"9";"Дом 5-2";"3";"9"
"Дом у озера";"https://tyumen.brusnika.ru/flat/47972/";"41,1";"";"9250000";"47972";"6";"Дом у озера 2";"2";""
"Республики 205";"https://tyumen.brusnika.ru/flat/70030/";"71";"9270000";"10920000";"70030";"7";"Дом 3-1";"8";"8"
"Дом у озера";"https://tyumen.brusnika.ru/flat/46986/";"41,6";"";"9270000";"46986";"7";"Дом у озера 2";"3";""
"Дом у озера";"https://tyumen.brusnika.ru/flat/47933/";"42";"";"9270000";"47933";"7";"Дом у озера 2";"2";""
"Октябрьский на Туре";"https://tyumen.brusnika.ru/flat/54212/";"61,7";"";"9270000";"54212";"5";"Дом 9";"4";"9"
"Дом у озера";"https://tyumen.brusnika.ru/flat/47990/";"40,9";"";"9270000";"47990";"7";"Дом у озера 2";"2";""
"Республики 205";"https://tyumen.brusnika.ru/flat/54807/";"57,4";"";"9270000";"54807";"5";"Дом 3-1";"1";"18"
"Зарека";"https://tyumen.brusnika.ru/flat/69676/";"45,1";"";"9280000";"69676";"9";"Дом 5-2";"3";"9"
"Дом у озера";"https://tyumen.brusnika.ru/flat/67942/";"42,9";"";"9280000";"67942";"3";"Дом у озера 3";"4";"8"
"Республики 205";"https://tyumen.brusnika.ru/flat/71878/";"37,2";"";"9280000";"71878";"5";"Дом 3-1";"1";"18"
"Кварталы «На Минской»";"https://tyumen.brusnika.ru/flat/73289/";"36,3";"";"9290000";"73289";"4";"Дом 2";"10";"7"
"Октябрьский на Туре";"https://tyumen.brusnika.ru/flat/73994/";"61,6";"";"9290000";"73994";"13";"Дом 9";"1";"17"
"Речной порт";"https://tyumen.brusnika.ru/flat/72229/";"38,4";"";"9300000";"72229";"5";"Дом 6-2";"2";"12"
"Дом у озера";"https://tyumen.brusnika.ru/flat/65596/";"54,1";"9320000";"10860000";"65596";"7";"Дом у озера 3";"3";"8"
"Республики 205";"https://tyumen.brusnika.ru/flat/71881/";"57,4";"";"9320000";"71881";"6";"Дом 3-1";"1";"18"
"Зарека";"https://tyumen.brusnika.ru/flat/67232/";"46";"";"9330000";"67232";"4";"Дом 2-1";"1";"8"
"Октябрьский на Туре";"https://tyumen.brusnika.ru/flat/56942/";"83,2";"9340000";"10560000";"56942";"3";"Дом 9";"3";"9"
"Зарека";"https://tyumen.brusnika.ru/flat/67250/";"44,4";"";"9340000";"67250";"3";"Дом 2-1";"1";"8"
"Республики 205";"https://tyumen.brusnika.ru/flat/66674/";"71,3";"9340000";"10510000";"66674";"9";"Дом 3-1";"1";"18"
"Зарека";"https://tyumen.brusnika.ru/flat/71340/";"50,5";"";"9350000";"71340";"2";"Дом 5-2";"1";"16"
"Октябрьский на Туре";"https://tyumen.brusnika.ru/flat/46709/";"64,9";"";"9350000";"46709";"17";"Дом 8";"6";"17"
"Республики 205";"https://tyumen.brusnika.ru/flat/71860/";"57,4";"";"9400000";"71860";"9";"Дом 3-1";"1";"18"
"Октябрьский на Туре";"https://tyumen.brusnika.ru/flat/51784/";"71,2";"9410000";"10960000";"51784";"7";"Дом 9";"7";"7"
"Республики 205";"https://tyumen.brusnika.ru/flat/58406/";"66,9";"9410000";"10960000";"58406";"9";"Дом 3-1";"3";"9"
"Республики 205";"https://tyumen.brusnika.ru/flat/66677/";"78,9";"9410000";"10530000";"66677";"13";"Дом 3-1";"1";"18"
"Зарека";"https://tyumen.brusnika.ru/flat/67201/";"44,4";"";"9410000";"67201";"5";"Дом 2-1";"1";"8"
"Республики 205";"https://tyumen.brusnika.ru/flat/66679/";"78,9";"9410000";"10530000";"66679";"15";"Дом 3-1";"1";"18"
"Октябрьский на Туре";"https://tyumen.brusnika.ru/flat/52244/";"64,5";"";"9410000";"52244";"17";"Дом 9";"1";"17"
"Дом у озера";"https://tyumen.brusnika.ru/flat/67940/";"43,3";"";"9420000";"67940";"6";"Дом у озера 3";"3";"8"
"Зарека";"https://tyumen.brusnika.ru/flat/66996/";"50,5";"";"9420000";"66996";"3";"Дом 5-2";"1";"16"
"Зарека";"https://tyumen.brusnika.ru/flat/56230/";"50,9";"";"9420000";"56230";"4";"Дом 5-2";"1";"16"
"Октябрьский на Туре";"https://tyumen.brusnika.ru/flat/60385/";"68,2";"";"9430000";"60385";"2";"Дом 9";"5";"7"
"Зарека";"https://tyumen.brusnika.ru/flat/67268/";"44,4";"";"9440000";"67268";"6";"Дом 2-1";"1";"8"
"Октябрьский на Туре";"https://tyumen.brusnika.ru/flat/56325/";"82,4";"9460000";"10480000";"56325";"2";"Дом 9";"4";"9"
"Республики 205";"https://tyumen.brusnika.ru/flat/54783/";"78,9";"9470000";"10700000";"54783";"18";"Дом 3-1";"1";"18"
"Республики 205";"https://tyumen.brusnika.ru/flat/54785/";"91,3";"9470000";"12040000";"54785";"6";"Дом 3-1";"1";"18"
"Кварталы «На Минской»";"https://tyumen.brusnika.ru/flat/73292/";"37,4";"";"9480000";"73292";"6";"Дом 2";"1";"7"
"Октябрьский на Туре";"https://tyumen.brusnika.ru/flat/52250/";"63,3";"";"9490000";"52250";"5";"Дом 9";"5";"7"
"Зарека";"https://tyumen.brusnika.ru/flat/67141/";"44,4";"";"9530000";"67141";"8";"Дом 2-1";"1";"8"
"Зарека";"https://tyumen.brusnika.ru/flat/67044/";"46,3";"";"9530000";"67044";"3";"Дом 2-1";"7";"7"
"Зарека";"https://tyumen.brusnika.ru/flat/59830/";"64,5";"9530000";"10700000";"59830";"6";"Дом 5-1";"1";"25"
"Зарека";"https://tyumen.brusnika.ru/flat/52942/";"50,5";"";"9540000";"52942";"8";"Дом 5-2";"1";"16"
"Зарека";"https://tyumen.brusnika.ru/flat/71335/";"50,5";"";"9540000";"71335";"6";"Дом 5-2";"1";"16"
"Зарека";"https://tyumen.brusnika.ru/flat/67918/";"50,4";"";"9540000";"67918";"7";"Дом 5-2";"1";"16"
"Октябрьский на Туре";"https://tyumen.brusnika.ru/flat/48604/";"82,6";"9550000";"11110000";"48604";"6";"Дом 10";"6";"7"
"Октябрьский на Туре";"https://tyumen.brusnika.ru/flat/48605/";"80,4";"9550000";"11110000";"48605";"7";"Дом 10";"6";"7"
"Республики 205";"https://tyumen.brusnika.ru/flat/54945/";"91,3";"9550000";"12140000";"54945";"9";"Дом 3-1";"1";"18"
"Зарека";"https://tyumen.brusnika.ru/flat/56229/";"52,2";"";"9560000";"56229";"2";"Дом 5-2";"1";"16"
"Республики 205";"https://tyumen.brusnika.ru/flat/66665/";"57,4";"";"9560000";"66665";"10";"Дом 3-1";"1";"18"
"Зарека";"https://tyumen.brusnika.ru/flat/70090/";"47,1";"";"9560000";"70090";"15";"Дом 5-2";"1";"16"
"Республики 205";"https://tyumen.brusnika.ru/flat/54797/";"73";"9590000";"11320000";"54797";"3";"Дом 3-1";"3";"9"
"Речной порт";"https://tyumen.brusnika.ru/flat/67935/";"40,5";"";"9590000";"67935";"8";"Дом 4";"8";"9"
"Республики 205";"https://tyumen.brusnika.ru/flat/54943/";"91,3";"9590000";"12730000";"54943";"3";"Дом 3-1";"1";"18"
"Октябрьский на Туре";"https://tyumen.brusnika.ru/flat/52239/";"87,9";"9600000";"10600000";"52239";"3";"Дом 9";"1";"17"
"Октябрьский на Туре";"https://tyumen.brusnika.ru/flat/56315/";"87,9";"9600000";"10600000";"56315";"7";"Дом 9";"1";"17"
"Октябрьский на Туре";"https://tyumen.brusnika.ru/flat/51747/";"86,2";"9620000";"10870000";"51747";"4";"Дом 9";"5";"7"
"Октябрьский на Туре";"https://tyumen.brusnika.ru/flat/56316/";"81,8";"9620000";"10620000";"56316";"4";"Дом 9";"3";"9"
"Октябрьский на Туре";"https://tyumen.brusnika.ru/flat/56141/";"81,8";"9620000";"10620000";"56141";"6";"Дом 9";"3";"9"
"Республики 205";"https://tyumen.brusnika.ru/flat/56078/";"73";"9630000";"11360000";"56078";"6";"Дом 3-1";"3";"9"
"Октябрьский на Туре";"https://tyumen.brusnika.ru/flat/54249/";"82,2";"9630000";"10660000";"54249";"4";"Дом 9";"6";"7"
"Республики 205";"https://tyumen.brusnika.ru/flat/70029/";"73";"9630000";"11360000";"70029";"8";"Дом 3-1";"3";"9"
"Речной порт";"https://tyumen.brusnika.ru/flat/58415/";"57";"9640000";"11500000";"58415";"7";"Дом 4";"3";"10"
"Зарека";"https://tyumen.brusnika.ru/flat/52945/";"52,2";"";"9640000";"52945";"3";"Дом 5-2";"1";"16"
"Октябрьский на Туре";"https://tyumen.brusnika.ru/flat/49059/";"84,8";"9650000";"11000000";"49059";"4";"Дом 10";"6";"7"
"Зарека";"https://tyumen.brusnika.ru/flat/70089/";"50,8";"";"9650000";"70089";"11";"Дом 5-2";"1";"16"
"Зарека";"https://tyumen.brusnika.ru/flat/71354/";"52,2";"";"9660000";"71354";"4";"Дом 5-2";"1";"16"
"Октябрьский на Туре";"https://tyumen.brusnika.ru/flat/73998/";"74,8";"";"9660000";"73998";"3";"Дом 9";"1";"17"
"Октябрьский на Туре";"https://tyumen.brusnika.ru/flat/52279/";"85,5";"9670000";"10810000";"52279";"6";"Дом 9";"3";"9"
"Зарека";"https://tyumen.brusnika.ru/flat/70088/";"50,7";"";"9670000";"70088";"12";"Дом 5-2";"1";"16"
"Республики 205";"https://tyumen.brusnika.ru/flat/59907/";"69,7";"9670000";"11460000";"59907";"9";"Дом 3-1";"3";"9"
"Октябрьский на Туре";"https://tyumen.brusnika.ru/flat/52246/";"75,1";"";"9670000";"52246";"8";"Дом 9";"1";"17"
"Речной порт";"https://tyumen.brusnika.ru/flat/71370/";"40,7";"9690000";"11620000";"71370";"10";"Дом 4";"7";"10"
"Октябрьский на Туре";"https://tyumen.brusnika.ru/flat/49030/";"83,2";"9690000";"10690000";"49030";"7";"Дом 10";"5";"7"
"Октябрьский на Туре";"https://tyumen.brusnika.ru/flat/46563/";"79,2";"9690000";"10690000";"46563";"8";"Дом 8";"1";"9"
"Октябрьский на Туре";"https://tyumen.brusnika.ru/flat/73991/";"74,8";"";"9690000";"73991";"13";"Дом 9";"1";"17"
"Октябрьский на Туре";"https://tyumen.brusnika.ru/flat/48862/";"70,8";"";"9710000";"48862";"4";"Дом 10";"1";"7"
"Республики 205";"https://tyumen.brusnika.ru/flat/71873/";"91,3";"9720000";"12330000";"71873";"10";"Дом 3-1";"1";"18"
"Речной порт";"https://tyumen.brusnika.ru/flat/73825/";"41,8";"";"9730000";"73825";"4";"Дом 4";"6";"9"
"Речной порт";"https://tyumen.brusnika.ru/flat/73832/";"43,3";"";"9730000";"73832";"3";"Дом 4";"7";"10"
"Республики 205";"https://tyumen.brusnika.ru/flat/54923/";"93,2";"9740000";"12030000";"54923";"2";"Дом 3-1";"7";"9"
"Речной порт";"https://tyumen.brusnika.ru/flat/67606/";"50,6";"";"9750000";"67606";"7";"Дом 4";"3";"10"
"Республики 205";"https://tyumen.brusnika.ru/flat/54925/";"93,2";"9760000";"12050000";"54925";"4";"Дом 3-1";"7";"9"
"Республики 205";"https://tyumen.brusnika.ru/flat/54951/";"93,2";"9760000";"12050000";"54951";"6";"Дом 3-1";"7";"9"
"Речной порт";"https://tyumen.brusnika.ru/flat/56684/";"43,1";"";"9760000";"56684";"4";"Дом 4";"6";"9"
"Республики 205";"https://tyumen.brusnika.ru/flat/56391/";"91,9";"9780000";"12830000";"56391";"11";"Дом 3-1";"1";"18"
"Зарека";"https://tyumen.brusnika.ru/flat/66992/";"50,7";"";"9790000";"66992";"14";"Дом 5-2";"1";"16"
"Зарека";"https://tyumen.brusnika.ru/flat/67056/";"40,2";"";"9790000";"67056";"2";"Дом 2-1";"3";"8"
"Республики 205";"https://tyumen.brusnika.ru/flat/66664/";"65";"";"9790000";"66664";"11";"Дом 3-1";"1";"18"
"Речной порт";"https://tyumen.brusnika.ru/flat/71357/";"50,7";"";"9810000";"71357";"9";"Дом 4";"3";"10"
"Речной порт";"https://tyumen.brusnika.ru/flat/73824/";"43,1";"";"9810000";"73824";"4";"Дом 4";"1";"8"
"Речной порт";"https://tyumen.brusnika.ru/flat/56482/";"43,1";"";"9820000";"56482";"6";"Дом 4";"6";"9"
"Речной порт";"https://tyumen.brusnika.ru/flat/67888/";"39,9";"";"9820000";"67888";"8";"Дом 4";"6";"9"
"Речной порт";"https://tyumen.brusnika.ru/flat/71346/";"41,9";"";"9820000";"71346";"7";"Дом 4";"6";"9"
"Речной порт";"https://tyumen.brusnika.ru/flat/73833/";"40,2";"";"9820000";"73833";"8";"Дом 4";"6";"9"
"Кварталы «На Минской»";"https://tyumen.brusnika.ru/flat/58328/";"45";"";"9840000";"58328";"8";"Дом 1";"1";"16"
"Кварталы «На Минской»";"https://tyumen.brusnika.ru/flat/74035/";"45";"";"9840000";"74035";"6";"Дом 1";"1";"16"
"Речной порт";"https://tyumen.brusnika.ru/flat/56741/";"43,3";"";"9870000";"56741";"7";"Дом 4";"7";"10"
"Речной порт";"https://tyumen.brusnika.ru/flat/71358/";"43,4";"";"9870000";"71358";"7";"Дом 4";"8";"9"
"Речной порт";"https://tyumen.brusnika.ru/flat/73829/";"43,3";"";"9870000";"73829";"8";"Дом 4";"7";"10"
"Речной порт";"https://tyumen.brusnika.ru/flat/73834/";"43,3";"";"9870000";"73834";"6";"Дом 4";"8";"9"
"Республики 205";"https://tyumen.brusnika.ru/flat/56985/";"91,3";"9890000";"12530000";"56985";"16";"Дом 3-1";"1";"18"
"Речной порт";"https://tyumen.brusnika.ru/flat/67921/";"41,9";"";"9900000";"67921";"6";"Дом 4";"6";"9"
"Зарека";"https://tyumen.brusnika.ru/flat/59835/";"53,6";"";"9910000";"59835";"19";"Дом 5-1";"1";"25"
"Речной порт";"https://tyumen.brusnika.ru/flat/66326/";"40,2";"";"9920000";"66326";"8";"Дом 4";"6";"9"
"Дом у озера";"https://tyumen.brusnika.ru/flat/44284/";"51,5";"";"9920000";"44284";"6";"Дом у озера 2";"3";""
"Зарека";"https://tyumen.brusnika.ru/flat/71353/";"59,8";"";"9950000";"71353";"2";"Дом 5-2";"1";"16"
"Речной порт";"https://tyumen.brusnika.ru/flat/72315/";"52,7";"";"9950000";"72315";"6";"Дом 6-2";"1";"9"
"Республики 205";"https://tyumen.brusnika.ru/flat/66672/";"80,1";"9960000";"11060000";"66672";"16";"Дом 3-1";"1";"18"
"Октябрьский на Туре";"https://tyumen.brusnika.ru/flat/59881/";"70,5";"";"9970000";"59881";"4";"Дом 9";"5";"7"
"Республики 205";"https://tyumen.brusnika.ru/flat/56680/";"66,1";"";"9970000";"56680";"8";"Дом 2";"1";"9"
"Зарека";"https://tyumen.brusnika.ru/flat/67205/";"58,4";"";"9980000";"67205";"6";"Дом 2-1";"4";"8"
"Европейский квартал";"https://tyumen.brusnika.ru/flat/37638/";"61,4";"";"9990000";"37638";"12";"Дом 12";"2";"17"
"Речной порт";"https://tyumen.brusnika.ru/flat/71349/";"57";"10000000";"11880000";"71349";"9";"Дом 4";"3";"10"
"Зарека";"https://tyumen.brusnika.ru/flat/67109/";"57,9";"";"10020000";"67109";"12";"Дом 2-1";"5";"16"
"Кварталы «На Минской»";"https://tyumen.brusnika.ru/flat/52864/";"39,6";"";"10020000";"52864";"4";"Дом 1";"2";"7"
"Кварталы «На Минской»";"https://tyumen.brusnika.ru/flat/58326/";"44,3";"";"10040000";"58326";"4";"Дом 1";"1";"16"
"Зарека";"https://tyumen.brusnika.ru/flat/67271/";"57,9";"";"10060000";"67271";"15";"Дом 2-1";"5";"16"
"Кварталы «На Минской»";"https://tyumen.brusnika.ru/flat/58323/";"44,3";"";"10060000";"58323";"7";"Дом 1";"1";"16"
"Октябрьский на Туре";"https://tyumen.brusnika.ru/flat/54219/";"82,5";"";"10060000";"54219";"3";"Дом 9";"2";"9"
"Зарека";"https://tyumen.brusnika.ru/flat/58304/";"63,5";"10070000";"11070000";"58304";"23";"Дом 5-1";"1";"25"
"Октябрьский на Туре";"https://tyumen.brusnika.ru/flat/51782/";"87,8";"10080000";"11080000";"51782";"6";"Дом 9";"4";"9"
"Республики 205";"https://tyumen.brusnika.ru/flat/56359/";"72,6";"";"10100000";"56359";"2";"Дом 2";"3";"16"
"Речной порт";"https://tyumen.brusnika.ru/flat/66330/";"50,9";"";"10110000";"66330";"9";"Дом 4";"3";"10"
"Речной порт";"https://tyumen.brusnika.ru/flat/72154/";"53";"";"10120000";"72154";"2";"Дом 6-2";"2";"12"
"Октябрьский на Туре";"https://tyumen.brusnika.ru/flat/49024/";"91";"10150000";"11750000";"49024";"7";"Дом 10";"5";"7"
"Октябрьский на Туре";"https://tyumen.brusnika.ru/flat/52264/";"80";"10160000";"11960000";"52264";"7";"Дом 9";"6";"7"
"Октябрьский на Туре";"https://tyumen.brusnika.ru/flat/56324/";"82,7";"";"10160000";"56324";"2";"Дом 9";"3";"9"
"Республики 205";"https://tyumen.brusnika.ru/flat/58412/";"66,8";"";"10160000";"58412";"7";"Дом 3-1";"4";"8"
"Зарека";"https://tyumen.brusnika.ru/flat/70442/";"62,1";"10170000";"12310000";"70442";"9";"Дом 5-2";"3";"9"
"Кварталы «На Минской»";"https://tyumen.brusnika.ru/flat/62472/";"42,9";"";"10180000";"62472";"2";"Дом 2";"2";"7"
"Кварталы «На Минской»";"https://tyumen.brusnika.ru/flat/73296/";"42,9";"";"10180000";"73296";"2";"Дом 2";"7";"7"
"Кварталы «На Минской»";"https://tyumen.brusnika.ru/flat/73300/";"42,9";"";"10180000";"73300";"2";"Дом 2";"7";"7"
"Октябрьский на Туре";"https://tyumen.brusnika.ru/flat/46664/";"85,7";"10190000";"11470000";"46664";"7";"Дом 8";"5";"7"
"Республики 205";"https://tyumen.brusnika.ru/flat/56448/";"81,8";"10190000";"11790000";"56448";"4";"Дом 3-1";"1";"18"
"Республики 205";"https://tyumen.brusnika.ru/flat/71893/";"69,6";"";"10200000";"71893";"2";"Дом 3-1";"7";"9"
"Кварталы «На Минской»";"https://tyumen.brusnika.ru/flat/73290/";"42";"";"10200000";"73290";"4";"Дом 2";"2";"7"
"Кварталы «На Минской»";"https://tyumen.brusnika.ru/flat/74039/";"44,3";"";"10200000";"74039";"9";"Дом 1";"1";"16"
"Зарека";"https://tyumen.brusnika.ru/flat/56833/";"77,2";"";"10200000";"56833";"3";"Дом 5-2";"6";"7"
"Зарека";"https://tyumen.brusnika.ru/flat/68680/";"61,1";"";"10250000";"68680";"6";"Дом 5-2";"6";"7"
"Октябрьский на Туре";"https://tyumen.brusnika.ru/flat/49020/";"91,3";"10260000";"11530000";"49020";"2";"Дом 10";"4";"8"
"Республики 205";"https://tyumen.brusnika.ru/flat/54798/";"69,7";"";"10270000";"54798";"2";"Дом 3-1";"4";"8"
"Республики 205";"https://tyumen.brusnika.ru/flat/56670/";"68";"";"10270000";"56670";"6";"Дом 2";"4";"7"
"Кварталы «На Минской»";"https://tyumen.brusnika.ru/flat/56270/";"44,3";"";"10280000";"56270";"10";"Дом 1";"1";"16"
"Кварталы «На Минской»";"https://tyumen.brusnika.ru/flat/54662/";"48,8";"";"10280000";"54662";"4";"Дом 2";"9";"7"
"Кварталы «На Минской»";"https://tyumen.brusnika.ru/flat/73940/";"45,8";"";"10280000";"73940";"3";"Дом 1";"4";"7"
"Зарека";"https://tyumen.brusnika.ru/flat/54228/";"73,6";"10290000";"11560000";"54228";"9";"Дом 5-2";"1";"16"
"Зарека";"https://tyumen.brusnika.ru/flat/67100/";"42,4";"";"10300000";"67100";"8";"Дом 2-1";"1";"8"
"Октябрьский на Туре";"https://tyumen.brusnika.ru/flat/48869/";"79,7";"";"10300000";"48869";"3";"Дом 10";"1";"7"
"Республики 205";"https://tyumen.brusnika.ru/flat/56433/";"81,8";"10310000";"11910000";"56433";"8";"Дом 3-1";"1";"18"
"Республики 205";"https://tyumen.brusnika.ru/flat/54808/";"81,8";"10310000";"11910000";"54808";"7";"Дом 3-1";"1";"18"
"Кварталы «На Минской»";"https://tyumen.brusnika.ru/flat/74047/";"46,6";"";"10320000";"74047";"4";"Дом 1";"3";"7"
"Республики 205";"https://tyumen.brusnika.ru/flat/56996/";"71,3";"";"10320000";"56996";"5";"Дом 3-1";"1";"18"
"Республики 205";"https://tyumen.brusnika.ru/flat/54972/";"88,5";"10330000";"14300000";"54972";"3";"Дом 3-1";"6";"8"
"Республики 205";"https://tyumen.brusnika.ru/flat/70032/";"64,6";"";"10330000";"70032";"4";"Дом 3-1";"6";"8"
"Республики 205";"https://tyumen.brusnika.ru/flat/56452/";"88,5";"10350000";"11520000";"56452";"6";"Дом 3-1";"6";"8"
"Зарека";"https://tyumen.brusnika.ru/flat/67169/";"59";"";"10350000";"67169";"8";"Дом 2-1";"1";"8"
"Кварталы «На Минской»";"https://tyumen.brusnika.ru/flat/66890/";"42,4";"";"10360000";"66890";"5";"Дом 2";"2";"7"
"Кварталы «На Минской»";"https://tyumen.brusnika.ru/flat/74043/";"45,8";"";"10360000";"74043";"4";"Дом 1";"4";"7"
"Республики 205";"https://tyumen.brusnika.ru/flat/54966/";"64,8";"";"10360000";"54966";"4";"Дом 3-1";"2";"8"
"Республики 205";"https://tyumen.brusnika.ru/flat/58401/";"64,8";"";"10360000";"58401";"5";"Дом 3-1";"2";"8"
"Республики 205";"https://tyumen.brusnika.ru/flat/48260/";"93,4";"10370000";"12410000";"48260";"1";"Дом 2";"4";"7"
"Кварталы «На Минской»";"https://tyumen.brusnika.ru/flat/58341/";"42,9";"";"10380000";"58341";"2";"Дом 2";"3";"7"
"Октябрьский на Туре";"https://tyumen.brusnika.ru/flat/52272/";"82,9";"";"10380000";"52272";"7";"Дом 9";"4";"9"
"Октябрьский на Туре";"https://tyumen.brusnika.ru/flat/48570/";"95";"10410000";"12020000";"48570";"1";"Дом 10";"3";"8"
"Республики 205";"https://tyumen.brusnika.ru/flat/71871/";"71,3";"";"10410000";"71871";"8";"Дом 3-1";"1";"18"
"Кварталы «На Минской»";"https://tyumen.brusnika.ru/flat/56268/";"45,8";"";"10410000";"56268";"5";"Дом 1";"4";"7"
"Республики 205";"https://tyumen.brusnika.ru/flat/71891/";"71,3";"";"10410000";"71891";"6";"Дом 3-1";"1";"18"
"Республики 205";"https://tyumen.brusnika.ru/flat/59898/";"63,5";"";"10430000";"59898";"9";"Дом 3-1";"3";"9"
"Республики 205";"https://tyumen.brusnika.ru/flat/59896/";"64,8";"";"10430000";"59896";"7";"Дом 3-1";"2";"8"
"Республики 205";"https://tyumen.brusnika.ru/flat/70040/";"64,8";"";"10430000";"70040";"6";"Дом 3-1";"2";"8"
"Республики 205";"https://tyumen.brusnika.ru/flat/58399/";"64,6";"";"10430000";"58399";"6";"Дом 3-1";"6";"8"
"Речной порт";"https://tyumen.brusnika.ru/flat/71367/";"35,3";"";"10450000";"71367";"9";"Дом 4";"8";"9"
"Республики 205";"https://tyumen.brusnika.ru/flat/71865/";"69,8";"";"10470000";"71865";"6";"Дом 3-1";"5";"9"
"Дом у озера";"https://tyumen.brusnika.ru/flat/66307/";"54,1";"";"10480000";"66307";"3";"Дом у озера 3";"3";"8"
"Дом у озера";"https://tyumen.brusnika.ru/flat/60102/";"67,5";"10490000";"12100000";"60102";"1";"Дом у озера 3";"5";"7"
"Октябрьский на Туре";"https://tyumen.brusnika.ru/flat/51752/";"82,9";"";"10520000";"51752";"3";"Дом 9";"4";"9"
"Республики 205";"https://tyumen.brusnika.ru/flat/48278/";"98,1";"10530000";"12890000";"48278";"1";"Дом 2";"4";"7"
"Республики 205";"https://tyumen.brusnika.ru/flat/71859/";"78,9";"";"10530000";"71859";"12";"Дом 3-1";"1";"18"
"Республики 205";"https://tyumen.brusnika.ru/flat/54963/";"78,9";"";"10530000";"54963";"14";"Дом 3-1";"1";"18"
"Зарека";"https://tyumen.brusnika.ru/flat/67284/";"59,1";"";"10540000";"67284";"7";"Дом 2-1";"3";"8"
"Зарека";"https://tyumen.brusnika.ru/flat/67242/";"61,9";"";"10540000";"67242";"4";"Дом 2-1";"4";"8"
"Октябрьский на Туре";"https://tyumen.brusnika.ru/flat/56930/";"83,2";"";"10560000";"56930";"5";"Дом 9";"3";"9"
"Кварталы «На Минской»";"https://tyumen.brusnika.ru/flat/74045/";"42,3";"";"10580000";"74045";"5";"Дом 1";"4";"7"
"Кварталы «На Минской»";"https://tyumen.brusnika.ru/flat/51592/";"44,3";"";"10580000";"51592";"12";"Дом 1";"1";"16"
"Октябрьский на Туре";"https://tyumen.brusnika.ru/flat/52247/";"87,4";"";"10600000";"52247";"2";"Дом 9";"1";"17"
"Октябрьский на Туре";"https://tyumen.brusnika.ru/flat/56123/";"87,9";"";"10600000";"56123";"8";"Дом 9";"1";"17"
"Дом у озера";"https://tyumen.brusnika.ru/flat/66337/";"63";"10600000";"11600000";"66337";"6";"Дом у озера 3";"5";"7"
"Октябрьский на Туре";"https://tyumen.brusnika.ru/flat/52245/";"87,9";"";"10600000";"52245";"6";"Дом 9";"1";"17"
"Октябрьский на Туре";"https://tyumen.brusnika.ru/flat/56317/";"87,9";"";"10600000";"56317";"9";"Дом 9";"1";"17"
"Октябрьский на Туре";"https://tyumen.brusnika.ru/flat/56319/";"87,9";"";"10600000";"56319";"5";"Дом 9";"1";"17"
"Дом у озера";"https://tyumen.brusnika.ru/flat/60095/";"78,7";"10610000";"11800000";"60095";"2";"Дом у озера 3";"4";"8"
"Октябрьский на Туре";"https://tyumen.brusnika.ru/flat/40092/";"67,1";"";"10610000";"40092";"16";"Дом 7-1";"1";"17"
"Октябрьский на Туре";"https://tyumen.brusnika.ru/flat/51777/";"81,8";"";"10620000";"51777";"3";"Дом 9";"3";"9"
"Кварталы «На Минской»";"https://tyumen.brusnika.ru/flat/54684/";"47,2";"";"10620000";"54684";"5";"Дом 2";"9";"7"
"Речной порт";"https://tyumen.brusnika.ru/flat/46993/";"40,7";"";"10620000";"46993";"6";"Дом 8";"3";""
"Кварталы «На Минской»";"https://tyumen.brusnika.ru/flat/54729/";"44,2";"";"10630000";"54729";"4";"Дом 2";"5";"11"
"Республики 205";"https://tyumen.brusnika.ru/flat/70041/";"66,4";"";"10630000";"70041";"2";"Дом 3-1";"5";"9"
"Зарека";"https://tyumen.brusnika.ru/flat/67019/";"62";"";"10640000";"67019";"4";"Дом 2-1";"1";"8"
"Октябрьский на Туре";"https://tyumen.brusnika.ru/flat/56927/";"79,9";"";"10640000";"56927";"2";"Дом 9";"6";"7"
"Кварталы «На Минской»";"https://tyumen.brusnika.ru/flat/54731/";"44,1";"";"10640000";"54731";"5";"Дом 2";"5";"11"
"Октябрьский на Туре";"https://tyumen.brusnika.ru/flat/56940/";"84,1";"";"10650000";"56940";"6";"Дом 9";"2";"9"
"Речной порт";"https://tyumen.brusnika.ru/flat/71361/";"35,3";"";"10650000";"71361";"8";"Дом 4";"4";"8"
"Речной порт";"https://tyumen.brusnika.ru/flat/71372/";"35,3";"";"10650000";"71372";"8";"Дом 4";"4";"8"
"Республики 205";"https://tyumen.brusnika.ru/flat/70037/";"72,1";"";"10660000";"70037";"3";"Дом 3-1";"5";"9"
"Зарека";"https://tyumen.brusnika.ru/flat/67207/";"61,9";"";"10670000";"67207";"3";"Дом 2-1";"1";"8"
"Октябрьский на Туре";"https://tyumen.brusnika.ru/flat/51787/";"79,2";"";"10670000";"51787";"2";"Дом 9";"6";"7"
"Республики 205";"https://tyumen.brusnika.ru/flat/66683/";"78,9";"";"10700000";"66683";"17";"Дом 3-1";"1";"18"
"Республики 205";"https://tyumen.brusnika.ru/flat/56080/";"78,9";"";"10700000";"56080";"16";"Дом 3-1";"1";"18"
"Октябрьский на Туре";"https://tyumen.brusnika.ru/flat/72044/";"81,8";"";"10720000";"72044";"7";"Дом 9";"3";"9"
"Республики 205";"https://tyumen.brusnika.ru/flat/54782/";"79,2";"";"10720000";"54782";"16";"Дом 3-1";"1";"18"
"Речной порт";"https://tyumen.brusnika.ru/flat/72192/";"58,8";"";"10720000";"72192";"2";"Дом 6-2";"3";"18"
"Республики 205";"https://tyumen.brusnika.ru/flat/71880/";"79,2";"";"10730000";"71880";"13";"Дом 3-1";"1";"18"
"Республики 205";"https://tyumen.brusnika.ru/flat/54940/";"72,1";"";"10740000";"54940";"4";"Дом 3-1";"5";"9"
"Республики 205";"https://tyumen.brusnika.ru/flat/48239/";"106,3";"10740000";"13700000";"48239";"1";"Дом 2";"5";"7"
"Зарека";"https://tyumen.brusnika.ru/flat/67214/";"46,1";"";"10750000";"67214";"10";"Дом 2-1";"5";"16"
"Зарека";"https://tyumen.brusnika.ru/flat/67229/";"64,6";"";"10750000";"67229";"4";"Дом 2-1";"5";"16"
"Республики 205";"https://tyumen.brusnika.ru/flat/56393/";"100,6";"10760000";"12880000";"56393";"5";"Дом 3-1";"3";"9"
"Дом у озера";"https://tyumen.brusnika.ru/flat/66310/";"54,1";"";"10760000";"66310";"5";"Дом у озера 3";"3";"8"
"Республики 205";"https://tyumen.brusnika.ru/flat/54970/";"100,6";"10760000";"12880000";"54970";"6";"Дом 3-1";"3";"9"
"Зарека";"https://tyumen.brusnika.ru/flat/67259/";"61,9";"";"10770000";"67259";"7";"Дом 2-1";"1";"8"
"Октябрьский на Туре";"https://tyumen.brusnika.ru/flat/56320/";"79,1";"";"10770000";"56320";"3";"Дом 9";"7";"7"
"Октябрьский на Туре";"https://tyumen.brusnika.ru/flat/52265/";"85,5";"";"10800000";"52265";"4";"Дом 9";"3";"9"
"Октябрьский на Туре";"https://tyumen.brusnika.ru/flat/46619/";"83,4";"";"10800000";"46619";"9";"Дом 8";"2";"9"
"Республики 205";"https://tyumen.brusnika.ru/flat/54927/";"71";"";"10800000";"54927";"4";"Дом 3-1";"8";"8"
"Зарека";"https://tyumen.brusnika.ru/flat/66344/";"71,3";"";"10800000";"66344";"5";"Дом 5-1";"1";"25"
"Октябрьский на Туре";"https://tyumen.brusnika.ru/flat/52282/";"85,7";"";"10830000";"52282";"6";"Дом 9";"5";"7"
"Октябрьский на Туре";"https://tyumen.brusnika.ru/flat/52273/";"86,2";"";"10830000";"52273";"3";"Дом 9";"8";"7"
"Зарека";"https://tyumen.brusnika.ru/flat/71341/";"69,5";"";"10830000";"71341";"3";"Дом 5-2";"4";"8"
"Октябрьский на Туре";"https://tyumen.brusnika.ru/flat/54248/";"79,6";"";"10840000";"54248";"4";"Дом 9";"7";"7"
"Зарека";"https://tyumen.brusnika.ru/flat/67264/";"63,3";"";"10840000";"67264";"8";"Дом 2-1";"1";"8"
"Республики 205";"https://tyumen.brusnika.ru/flat/56984/";"72,1";"";"10840000";"56984";"7";"Дом 3-1";"5";"9"
"Зарека";"https://tyumen.brusnika.ru/flat/67035/";"63,4";"";"10840000";"67035";"7";"Дом 2-1";"4";"8"
"Дом у озера";"https://tyumen.brusnika.ru/flat/60159/";"54,1";"";"10860000";"60159";"6";"Дом у озера 3";"3";"8"
"Речной порт";"https://tyumen.brusnika.ru/flat/72139/";"63,6";"";"10860000";"72139";"3";"Дом 6-2";"3";"18"
"Зарека";"https://tyumen.brusnika.ru/flat/67092/";"65,4";"";"10870000";"67092";"6";"Дом 2-1";"5";"16"
"Зарека";"https://tyumen.brusnika.ru/flat/67217/";"66,4";"";"10870000";"67217";"2";"Дом 2-1";"3";"8"
"Кварталы «На Минской»";"https://tyumen.brusnika.ru/flat/73301/";"47,3";"";"10870000";"73301";"6";"Дом 2";"7";"7"
"Речной порт";"https://tyumen.brusnika.ru/flat/72125/";"58,7";"";"10880000";"72125";"8";"Дом 6-2";"3";"18"
"Речной порт";"https://tyumen.brusnika.ru/flat/72197/";"58,7";"";"10880000";"72197";"9";"Дом 6-2";"3";"18"
"Республики 205";"https://tyumen.brusnika.ru/flat/66671/";"79,2";"";"10890000";"66671";"17";"Дом 3-1";"1";"18"
"Республики 205";"https://tyumen.brusnika.ru/flat/56976/";"79,2";"";"10890000";"56976";"18";"Дом 3-1";"1";"18"
"Октябрьский на Туре";"https://tyumen.brusnika.ru/flat/51762/";"104,3";"10900000";"12530000";"51762";"1";"Дом 9";"8";"7"
"Зарека";"https://tyumen.brusnika.ru/flat/59867/";"68,3";"";"10900000";"59867";"4";"Дом 5-2";"5";"6"
"Октябрьский на Туре";"https://tyumen.brusnika.ru/flat/48602/";"82,6";"";"10910000";"48602";"6";"Дом 10";"6";"7"
"Республики 205";"https://tyumen.brusnika.ru/flat/54979/";"71";"";"10920000";"54979";"6";"Дом 3-1";"8";"8"
"Зарека";"https://tyumen.brusnika.ru/flat/67243/";"64,6";"";"10920000";"67243";"8";"Дом 2-1";"5";"16"
"Речной порт";"https://tyumen.brusnika.ru/flat/47001/";"37,9";"";"10920000";"47001";"7";"Дом 8";"5";""
"Речной порт";"https://tyumen.brusnika.ru/flat/72287/";"63,6";"";"10960000";"72287";"4";"Дом 6-2";"3";"18"
"Речной порт";"https://tyumen.brusnika.ru/flat/71363/";"56,9";"10970000";"13580000";"71363";"8";"Дом 4";"1";"8"
"Октябрьский на Туре";"https://tyumen.brusnika.ru/flat/46705/";"111,7";"10970000";"12520000";"46705";"11";"Дом 8";"6";"17"
"Речной порт";"https://tyumen.brusnika.ru/flat/72181/";"58,7";"";"10970000";"72181";"10";"Дом 6-2";"3";"18"
"Речной порт";"https://tyumen.brusnika.ru/flat/71336/";"60,5";"10970000";"11970000";"71336";"9";"Дом 4";"7";"10"
"Октябрьский на Туре";"https://tyumen.brusnika.ru/flat/49056/";"84,8";"";"10990000";"49056";"3";"Дом 10";"6";"7"
"Октябрьский на Туре";"https://tyumen.brusnika.ru/flat/49052/";"84,7";"";"10990000";"49052";"4";"Дом 10";"6";"7"
"Октябрьский на Туре";"https://tyumen.brusnika.ru/flat/49057/";"84,7";"";"11000000";"49057";"5";"Дом 10";"6";"7"
"Зарека";"https://tyumen.brusnika.ru/flat/65612/";"63,5";"";"11000000";"65612";"22";"Дом 5-1";"1";"25"
"Речной порт";"https://tyumen.brusnika.ru/flat/56483/";"61,6";"11010000";"12090000";"56483";"9";"Дом 4";"7";"10"
"Зарека";"https://tyumen.brusnika.ru/flat/52915/";"69,5";"";"11020000";"52915";"5";"Дом 5-2";"6";"7"
"Октябрьский на Туре";"https://tyumen.brusnika.ru/flat/52277/";"87,5";"";"11030000";"52277";"4";"Дом 9";"4";"9"
"Зарека";"https://tyumen.brusnika.ru/flat/67272/";"66,4";"";"11030000";"67272";"4";"Дом 2-1";"3";"8"
"Октябрьский на Туре";"https://tyumen.brusnika.ru/flat/48866/";"95,6";"11030000";"12030000";"48866";"3";"Дом 10";"1";"7"
"Дом у озера";"https://tyumen.brusnika.ru/flat/65600/";"70,8";"11060000";"12380000";"65600";"3";"Дом у озера 3";"3";"8"
"Республики 205";"https://tyumen.brusnika.ru/flat/56987/";"80,1";"";"11060000";"56987";"17";"Дом 3-1";"1";"18"
"Речной порт";"https://tyumen.brusnika.ru/flat/72119/";"58,7";"";"11060000";"72119";"12";"Дом 6-2";"3";"18"
"Речной порт";"https://tyumen.brusnika.ru/flat/72134/";"58,7";"";"11060000";"72134";"13";"Дом 6-2";"3";"18"
"Речной порт";"https://tyumen.brusnika.ru/flat/72244/";"63,6";"";"11060000";"72244";"6";"Дом 6-2";"3";"18"
"Октябрьский на Туре";"https://tyumen.brusnika.ru/flat/52248/";"107,6";"11080000";"12730000";"52248";"1";"Дом 9";"5";"7"
"Октябрьский на Туре";"https://tyumen.brusnika.ru/flat/52251/";"107,5";"11080000";"12720000";"52251";"1";"Дом 9";"4";"9"
"Республики 205";"https://tyumen.brusnika.ru/flat/54975/";"73,2";"";"11080000";"54975";"3";"Дом 3-1";"8";"8"
"Республики 205";"https://tyumen.brusnika.ru/flat/54982/";"73,2";"";"11080000";"54982";"3";"Дом 3-1";"3";"9"
"Речной порт";"https://tyumen.brusnika.ru/flat/56722/";"67,5";"11090000";"13070000";"56722";"4";"Дом 4";"7";"10"
"Зарека";"https://tyumen.brusnika.ru/flat/64950/";"47,4";"";"11090000";"64950";"16";"Дом 5-2";"1";"16"
"Дом у озера";"https://tyumen.brusnika.ru/flat/66352/";"68";"11090000";"12740000";"66352";"3";"Урбан-вилла 1";"1";"8"
"Зарека";"https://tyumen.brusnika.ru/flat/67917/";"64,2";"";"11090000";"67917";"11";"Дом 5-1";"1";"25"
"Зарека";"https://tyumen.brusnika.ru/flat/57179/";"64,2";"";"11090000";"57179";"10";"Дом 5-1";"1";"25"
"Дом у озера";"https://tyumen.brusnika.ru/flat/65601/";"62,5";"";"11100000";"65601";"7";"Дом у озера 3";"4";"8"
"Зарека";"https://tyumen.brusnika.ru/flat/57168/";"70,8";"";"11100000";"57168";"5";"Дом 5-1";"1";"25"
"Дом у озера";"https://tyumen.brusnika.ru/flat/66309/";"62,5";"";"11100000";"66309";"6";"Дом у озера 3";"4";"8"
"Республики 205";"https://tyumen.brusnika.ru/flat/56455/";"92";"11110000";"12540000";"56455";"5";"Дом 3-1";"1";"18"
"Республики 205";"https://tyumen.brusnika.ru/flat/48194/";"110,2";"11120000";"14030000";"48194";"1";"Дом 2";"1";"9"
"Республики 205";"https://tyumen.brusnika.ru/flat/56441/";"82,2";"";"11120000";"56441";"9";"Дом 3-1";"7";"9"
"Октябрьский на Туре";"https://tyumen.brusnika.ru/flat/52249/";"107,1";"11140000";"12790000";"52249";"1";"Дом 9";"6";"7"
"Республики 205";"https://tyumen.brusnika.ru/flat/54928/";"73,2";"";"11160000";"54928";"5";"Дом 3-1";"8";"8"
"Дом у озера";"https://tyumen.brusnika.ru/flat/60164/";"70,7";"11160000";"12490000";"60164";"5";"Дом у озера 3";"3";"8"
"Республики 205";"https://tyumen.brusnika.ru/flat/56460/";"92";"11170000";"12750000";"56460";"9";"Дом 3-1";"1";"18"
"Речной порт";"https://tyumen.brusnika.ru/flat/72206/";"58,7";"";"11170000";"72206";"14";"Дом 6-2";"3";"18"
"Речной порт";"https://tyumen.brusnika.ru/flat/72203/";"58,7";"";"11170000";"72203";"15";"Дом 6-2";"3";"18"
"Речной порт";"https://tyumen.brusnika.ru/flat/72263/";"59,3";"";"11180000";"72263";"3";"Дом 6-2";"2";"12"
"Речной порт";"https://tyumen.brusnika.ru/flat/56739/";"67,6";"11190000";"13180000";"56739";"8";"Дом 4";"7";"10"
"Республики 205";"https://tyumen.brusnika.ru/flat/56430/";"92";"11200000";"12640000";"56430";"7";"Дом 3-1";"1";"18"
"Зарека";"https://tyumen.brusnika.ru/flat/64952/";"47,2";"";"11210000";"64952";"16";"Дом 5-2";"1";"16"
"Октябрьский на Туре";"https://tyumen.brusnika.ru/flat/46564/";"94,1";"";"11210000";"46564";"1";"Дом 8";"2";"9"
"Октябрьский на Туре";"https://tyumen.brusnika.ru/flat/48590/";"91,1";"";"11240000";"48590";"6";"Дом 10";"5";"7"
"Зарека";"https://tyumen.brusnika.ru/flat/67333/";"64,3";"";"11240000";"67333";"7";"Дом 2-1";"1";"8"
"Зарека";"https://tyumen.brusnika.ru/flat/67108/";"69,3";"";"11240000";"67108";"5";"Дом 2-1";"4";"8"
"Октябрьский на Туре";"https://tyumen.brusnika.ru/flat/52271/";"79,2";"";"11260000";"52271";"6";"Дом 9";"7";"7"
"Республики 205";"https://tyumen.brusnika.ru/flat/59918/";"73,2";"";"11260000";"59918";"8";"Дом 3-1";"3";"9"
"Республики 205";"https://tyumen.brusnika.ru/flat/71889/";"73,2";"";"11260000";"71889";"6";"Дом 3-1";"8";"8"
"Республики 205";"https://tyumen.brusnika.ru/flat/59895/";"73,2";"";"11260000";"59895";"7";"Дом 3-1";"2";"8"
"Зарека";"https://tyumen.brusnika.ru/flat/67262/";"69,5";"";"11290000";"67262";"3";"Дом 2-1";"7";"7"
"Октябрьский на Туре";"https://tyumen.brusnika.ru/flat/48603/";"80,4";"";"11310000";"48603";"7";"Дом 10";"6";"7"
"Республики 205";"https://tyumen.brusnika.ru/flat/54978/";"73";"";"11320000";"54978";"2";"Дом 3-1";"3";"9"
"Республики 205";"https://tyumen.brusnika.ru/flat/71888/";"73";"";"11320000";"71888";"4";"Дом 3-1";"3";"9"
"Республики 205";"https://tyumen.brusnika.ru/flat/48171/";"66,4";"";"11320000";"48171";"9";"Дом 2";"1";"9"
"Зарека";"https://tyumen.brusnika.ru/flat/67126/";"69,5";"";"11330000";"67126";"5";"Дом 2-1";"7";"7"
"Республики 205";"https://tyumen.brusnika.ru/flat/54829/";"67,5";"";"11340000";"54829";"9";"Дом 2";"1";"9"
"Зарека";"https://tyumen.brusnika.ru/flat/52917/";"73,6";"";"11350000";"52917";"3";"Дом 5-2";"1";"16"
"Республики 205";"https://tyumen.brusnika.ru/flat/58410/";"73";"";"11360000";"58410";"7";"Дом 3-1";"3";"9"
"Речной порт";"https://tyumen.brusnika.ru/flat/72200/";"58,9";"";"11360000";"72200";"17";"Дом 6-2";"3";"18"
"Речной порт";"https://tyumen.brusnika.ru/flat/72221/";"59";"";"11360000";"72221";"6";"Дом 6-2";"2";"12"
"Республики 205";"https://tyumen.brusnika.ru/flat/48179/";"85,7";"";"11370000";"48179";"1";"Дом 2";"2";"8"
"Речной порт";"https://tyumen.brusnika.ru/flat/54107/";"56,9";"";"11370000";"54107";"4";"Дом 4";"3";"10"
"Зарека";"https://tyumen.brusnika.ru/flat/67055/";"73,8";"";"11390000";"67055";"7";"Дом 2-1";"3";"8"
"Республики 205";"https://tyumen.brusnika.ru/flat/56988/";"84,3";"";"11400000";"56988";"2";"Дом 3-1";"6";"8"
"Дом у озера";"https://tyumen.brusnika.ru/flat/63922/";"54,6";"";"11410000";"63922";"3";"Дом у озера 3";"3";"8"
"Зарека";"https://tyumen.brusnika.ru/flat/67121/";"73,8";"";"11420000";"67121";"8";"Дом 2-1";"3";"8"
"Зарека";"https://tyumen.brusnika.ru/flat/67069/";"67,9";"";"11430000";"67069";"3";"Дом 2-1";"1";"8"
"Зарека";"https://tyumen.brusnika.ru/flat/67327/";"58,5";"";"11430000";"67327";"7";"Дом 2-1";"4";"8"
"Октябрьский на Туре";"https://tyumen.brusnika.ru/flat/46650/";"79,7";"";"11430000";"46650";"7";"Дом 8";"4";"7"
"Речной порт";"https://tyumen.brusnika.ru/flat/71376/";"40,5";"";"11430000";"71376";"8";"Дом 4";"1";"8"
"Речной порт";"https://tyumen.brusnika.ru/flat/71371/";"40,6";"";"11440000";"71371";"9";"Дом 4";"8";"9"
"Речной порт";"https://tyumen.brusnika.ru/flat/71378/";"40,7";"";"11440000";"71378";"9";"Дом 4";"8";"9"
"Речной порт";"https://tyumen.brusnika.ru/flat/64966/";"56,9";"";"11450000";"64966";"6";"Дом 4";"1";"8"
"Речной порт";"https://tyumen.brusnika.ru/flat/72166/";"59";"";"11450000";"72166";"9";"Дом 6-2";"2";"12"
"Речной порт";"https://tyumen.brusnika.ru/flat/72194/";"59";"";"11450000";"72194";"8";"Дом 6-2";"2";"12"
"Зарека";"https://tyumen.brusnika.ru/flat/67062/";"67,4";"";"11450000";"67062";"4";"Дом 2-1";"3";"8"
"Республики 205";"https://tyumen.brusnika.ru/flat/54954/";"88,1";"";"11460000";"54954";"3";"Дом 3-1";"7";"9"
"Речной порт";"https://tyumen.brusnika.ru/flat/71343/";"66,1";"11470000";"12830000";"71343";"5";"Дом 4";"8";"9"
"Зарека";"https://tyumen.brusnika.ru/flat/67212/";"67,9";"";"11480000";"67212";"5";"Дом 2-1";"1";"8"
"Республики 205";"https://tyumen.brusnika.ru/flat/54938/";"88,3";"";"11480000";"54938";"3";"Дом 3-1";"5";"9"
"Республики 205";"https://tyumen.brusnika.ru/flat/54804/";"88,4";"";"11490000";"54804";"3";"Дом 3-1";"4";"8"
"Речной порт";"https://tyumen.brusnika.ru/flat/54115/";"57";"";"11500000";"54115";"6";"Дом 4";"3";"10"
"Республики 205";"https://tyumen.brusnika.ru/flat/56423/";"88,5";"";"11500000";"56423";"4";"Дом 3-1";"6";"8"
"Речной порт";"https://tyumen.brusnika.ru/flat/56708/";"57";"";"11500000";"56708";"8";"Дом 4";"3";"10"
"Зарека";"https://tyumen.brusnika.ru/flat/67329/";"67,4";"";"11510000";"67329";"6";"Дом 2-1";"3";"8"
"Зарека";"https://tyumen.brusnika.ru/flat/67314/";"73,8";"";"11510000";"67314";"7";"Дом 2-1";"1";"8"
"Октябрьский на Туре";"https://tyumen.brusnika.ru/flat/52270/";"71,1";"";"11520000";"52270";"9";"Дом 9";"3";"9"
"Зарека";"https://tyumen.brusnika.ru/flat/70094/";"62,7";"";"11520000";"70094";"8";"Дом 5-2";"4";"8"
"Октябрьский на Туре";"https://tyumen.brusnika.ru/flat/46626/";"88";"";"11520000";"46626";"7";"Дом 8";"5";"7"
"Речной порт";"https://tyumen.brusnika.ru/flat/37758/";"43,3";"";"11550000";"37758";"4";"Дом 7";"3";""
"Зарека";"https://tyumen.brusnika.ru/flat/69612/";"62,4";"";"11570000";"69612";"9";"Дом 5-2";"3";"9"
"Речной порт";"https://tyumen.brusnika.ru/flat/66875/";"66,1";"11600000";"12960000";"66875";"8";"Дом 4";"8";"9"
"Республики 205";"https://tyumen.brusnika.ru/flat/70044/";"72,1";"";"11600000";"70044";"8";"Дом 3-1";"5";"9"
"Октябрьский на Туре";"https://tyumen.brusnika.ru/flat/48569/";"89,2";"";"11620000";"48569";"1";"Дом 10";"3";"8"
"Октябрьский на Туре";"https://tyumen.brusnika.ru/flat/51766/";"80,1";"";"11620000";"51766";"8";"Дом 9";"3";"9"
"Октябрьский на Туре";"https://tyumen.brusnika.ru/flat/49028/";"91,1";"";"11620000";"49028";"2";"Дом 10";"5";"7"
"Октябрьский на Туре";"https://tyumen.brusnika.ru/flat/43389/";"118,7";"11630000";"13310000";"43389";"1";"Дом 7-2";"1";"25"
"Республики 205";"https://tyumen.brusnika.ru/flat/48235/";"85,6";"";"11630000";"48235";"4";"Дом 2";"4";"7"
"Зарека";"https://tyumen.brusnika.ru/flat/67312/";"68,5";"";"11670000";"67312";"5";"Дом 2-1";"7";"7"
"Речной порт";"https://tyumen.brusnika.ru/flat/65820/";"71,1";"";"11670000";"65820";"4";"Дом 4";"3";"10"
"Октябрьский на Туре";"https://tyumen.brusnika.ru/flat/48981/";"99,4";"11690000";"12690000";"48981";"8";"Дом 10";"3";"8"
"Зарека";"https://tyumen.brusnika.ru/flat/44929/";"112,1";"11710000";"13390000";"44929";"1";"Дом 1";"7";"6"
"Зарека";"https://tyumen.brusnika.ru/flat/44959/";"112,1";"11710000";"13390000";"44959";"1";"Дом 1";"7";"6"
"Зарека";"https://tyumen.brusnika.ru/flat/67318/";"68,5";"";"11730000";"67318";"6";"Дом 2-1";"7";"7"
"Республики 205";"https://tyumen.brusnika.ru/flat/56974/";"69,9";"";"11740000";"56974";"9";"Дом 2";"1";"9"
"Октябрьский на Туре";"https://tyumen.brusnika.ru/flat/48863/";"89,5";"";"11750000";"48863";"7";"Дом 10";"1";"7"
"Октябрьский на Туре";"https://tyumen.brusnika.ru/flat/49043/";"89,5";"";"11750000";"49043";"7";"Дом 10";"5";"7"
"Речной порт";"https://tyumen.brusnika.ru/flat/37775/";"45,7";"";"11760000";"37775";"8";"Дом 7";"2";""
"Речной порт";"https://tyumen.brusnika.ru/flat/37782/";"45,8";"";"11770000";"37782";"7";"Дом 7";"1";""
"Зарека";"https://tyumen.brusnika.ru/flat/67154/";"72,5";"";"11790000";"67154";"4";"Дом 2-1";"5";"16"
"Зарека";"https://tyumen.brusnika.ru/flat/67260/";"71,9";"";"11790000";"67260";"10";"Дом 2-1";"5";"16"
"Речной порт";"https://tyumen.brusnika.ru/flat/37779/";"50,8";"";"11790000";"37779";"8";"Дом 7";"1";""
"Республики 205";"https://tyumen.brusnika.ru/flat/56444/";"81,8";"";"11790000";"56444";"5";"Дом 3-1";"1";"18"
"Республики 205";"https://tyumen.brusnika.ru/flat/59909/";"90,7";"";"11800000";"59909";"2";"Дом 3-1";"8";"8"
"Республики 205";"https://tyumen.brusnika.ru/flat/71854/";"90,4";"";"11800000";"71854";"3";"Дом 3-1";"1";"18"
"Речной порт";"https://tyumen.brusnika.ru/flat/37761/";"45,6";"";"11820000";"37761";"6";"Дом 7";"1";""
"Зарека";"https://tyumen.brusnika.ru/flat/67200/";"61,5";"";"11830000";"67200";"10";"Дом 2-1";"5";"16"
"Зарека";"https://tyumen.brusnika.ru/flat/67310/";"71,9";"";"11830000";"67310";"12";"Дом 2-1";"5";"16"
"Республики 205";"https://tyumen.brusnika.ru/flat/56428/";"88,5";"";"11830000";"56428";"9";"Дом 3-1";"7";"9"
"Зарека";"https://tyumen.brusnika.ru/flat/67255/";"72,5";"";"11840000";"67255";"9";"Дом 2-1";"5";"16"
"Дом у озера";"https://tyumen.brusnika.ru/flat/63920/";"78,4";"";"11840000";"63920";"3";"Дом у озера 3";"4";"8"
"Республики 205";"https://tyumen.brusnika.ru/flat/57000/";"91,5";"";"11840000";"57000";"9";"Дом 3-1";"7";"9"
"Октябрьский на Туре";"https://tyumen.brusnika.ru/flat/48560/";"91,4";"";"11850000";"48560";"7";"Дом 10";"1";"7"
"Речной порт";"https://tyumen.brusnika.ru/flat/73835/";"60,5";"";"11870000";"73835";"8";"Дом 4";"8";"9"
"Октябрьский на Туре";"https://tyumen.brusnika.ru/flat/48875/";"93,8";"";"11880000";"48875";"6";"Дом 10";"1";"7"
"Октябрьский на Туре";"https://tyumen.brusnika.ru/flat/48568/";"94,3";"";"11880000";"48568";"1";"Дом 10";"3";"8"
"Дом у озера";"https://tyumen.brusnika.ru/flat/63921/";"79,2";"";"11880000";"63921";"7";"Дом у озера 3";"4";"8"
"Дом у озера";"https://tyumen.brusnika.ru/flat/66306/";"79,2";"";"11880000";"66306";"4";"Дом у озера 3";"4";"8"
"Речной порт";"https://tyumen.brusnika.ru/flat/71351/";"71,3";"";"11880000";"71351";"9";"Дом 4";"3";"10"
"Зарека";"https://tyumen.brusnika.ru/flat/67292/";"80,7";"";"11890000";"67292";"2";"Дом 2-1";"1";"8"
"Зарека";"https://tyumen.brusnika.ru/flat/67054/";"71,9";"";"11890000";"67054";"14";"Дом 2-1";"5";"16"
"Зарека";"https://tyumen.brusnika.ru/flat/51635/";"77,2";"";"11890000";"51635";"4";"Дом 5-2";"6";"7"
"Зарека";"https://tyumen.brusnika.ru/flat/67175/";"80,7";"";"11900000";"67175";"3";"Дом 2-1";"3";"8"
"Дом у озера";"https://tyumen.brusnika.ru/flat/60099/";"72,7";"";"11910000";"60099";"1";"Дом у озера 3";"4";"8"
"Республики 205";"https://tyumen.brusnika.ru/flat/56097/";"81,8";"";"11910000";"56097";"6";"Дом 3-1";"1";"18"
"Октябрьский на Туре";"https://tyumen.brusnika.ru/flat/52253/";"115";"11920000";"13610000";"52253";"1";"Дом 9";"6";"7"
"Республики 205";"https://tyumen.brusnika.ru/flat/67342/";"91,1";"";"11920000";"67342";"4";"Дом 3-1";"1";"18"
"Республики 205";"https://tyumen.brusnika.ru/flat/54786/";"91,3";"";"11920000";"54786";"4";"Дом 3-1";"1";"18"
"Республики 205";"https://tyumen.brusnika.ru/flat/67343/";"91,3";"";"11920000";"67343";"5";"Дом 3-1";"1";"18"
"Октябрьский на Туре";"https://tyumen.brusnika.ru/flat/52228/";"115,4";"11930000";"13620000";"52228";"1";"Дом 9";"7";"7"
"Октябрьский на Туре";"https://tyumen.brusnika.ru/flat/52281/";"79";"";"11940000";"52281";"7";"Дом 9";"6";"7"
"Речной порт";"https://tyumen.brusnika.ru/flat/65826/";"67,6";"11960000";"12960000";"65826";"5";"Дом 4";"5";"7"
"Речной порт";"https://tyumen.brusnika.ru/flat/72227/";"62,3";"";"11960000";"72227";"2";"Дом 6-2";"3";"18"
"Октябрьский на Туре";"https://tyumen.brusnika.ru/flat/52278/";"86,4";"";"11970000";"52278";"7";"Дом 9";"5";"7"
"Зарека";"https://tyumen.brusnika.ru/flat/67178/";"72,5";"";"11970000";"67178";"7";"Дом 2-1";"5";"16"
"Зарека";"https://tyumen.brusnika.ru/flat/67050/";"80,7";"";"11970000";"67050";"5";"Дом 2-1";"1";"8"
"Зарека";"https://tyumen.brusnika.ru/flat/67236/";"80,7";"";"11970000";"67236";"5";"Дом 2-1";"7";"7"
"Октябрьский на Туре";"https://tyumen.brusnika.ru/flat/52267/";"86,5";"";"11990000";"52267";"7";"Дом 9";"8";"7"
"Дом у озера";"https://tyumen.brusnika.ru/flat/60090/";"79,8";"";"11990000";"60090";"2";"Дом у озера 3";"4";"8"
"Зарека";"https://tyumen.brusnika.ru/flat/67244/";"75,7";"";"12000000";"67244";"11";"Дом 2-1";"5";"16"
"Республики 205";"https://tyumen.brusnika.ru/flat/56445/";"78,9";"";"12000000";"56445";"10";"Дом 3-1";"1";"18"
"Речной порт";"https://tyumen.brusnika.ru/flat/73827/";"63,3";"";"12010000";"73827";"4";"Дом 4";"8";"9"
"Октябрьский на Туре";"https://tyumen.brusnika.ru/flat/48580/";"95,1";"";"12020000";"48580";"1";"Дом 10";"2";"8"
"Зарека";"https://tyumen.brusnika.ru/flat/67336/";"65";"";"12020000";"67336";"8";"Дом 2-1";"4";"8"
"Республики 205";"https://tyumen.brusnika.ru/flat/56997/";"91,1";"";"12040000";"56997";"6";"Дом 3-1";"1";"18"
"Республики 205";"https://tyumen.brusnika.ru/flat/66667/";"91,3";"";"12040000";"66667";"7";"Дом 3-1";"1";"18"
"Речной порт";"https://tyumen.brusnika.ru/flat/37808/";"45,8";"";"12050000";"37808";"7";"Дом 7";"3";""
"Республики 205";"https://tyumen.brusnika.ru/flat/56431/";"116,6";"12050000";"15050000";"56431";"8";"Дом 3-1";"8";"8"
"Республики 205";"https://tyumen.brusnika.ru/flat/56449/";"93,2";"";"12050000";"56449";"3";"Дом 3-1";"7";"9"
"Республики 205";"https://tyumen.brusnika.ru/flat/56457/";"93,2";"";"12050000";"56457";"5";"Дом 3-1";"7";"9"
"Зарека";"https://tyumen.brusnika.ru/flat/67257/";"75,8";"";"12050000";"67257";"13";"Дом 2-1";"5";"16"
"Зарека";"https://tyumen.brusnika.ru/flat/67112/";"65";"";"12070000";"67112";"8";"Дом 2-1";"4";"8"
"Зарека";"https://tyumen.brusnika.ru/flat/52941/";"78,2";"";"12090000";"52941";"2";"Дом 5-2";"3";"9"
"Зарека";"https://tyumen.brusnika.ru/flat/67015/";"75,8";"";"12100000";"67015";"15";"Дом 2-1";"5";"16"
"Дом у озера";"https://tyumen.brusnika.ru/flat/60111/";"81";"";"12100000";"60111";"2";"Дом у озера 3";"5";"7"
"Республики 205";"https://tyumen.brusnika.ru/flat/56434/";"86";"";"12100000";"56434";"3";"Дом 3-1";"1";"18"
"Речной порт";"https://tyumen.brusnika.ru/flat/72305/";"65";"";"12120000";"72305";"3";"Дом 6-2";"3";"18"
"Октябрьский на Туре";"https://tyumen.brusnika.ru/flat/51757/";"114,4";"12140000";"13840000";"51757";"6";"Дом 9";"6";"7"
"Октябрьский на Туре";"https://tyumen.brusnika.ru/flat/52263/";"86,8";"";"12160000";"52263";"7";"Дом 9";"5";"7"
"Октябрьский на Туре";"https://tyumen.brusnika.ru/flat/52260/";"86,7";"";"12160000";"52260";"7";"Дом 9";"8";"7"
"Зарека";"https://tyumen.brusnika.ru/flat/67239/";"77,3";"";"12170000";"67239";"5";"Дом 2-1";"7";"7"
"Речной порт";"https://tyumen.brusnika.ru/flat/72236/";"62,5";"";"12170000";"72236";"2";"Дом 6-2";"3";"18"
"Дом у озера";"https://tyumen.brusnika.ru/flat/60110/";"81,7";"";"12170000";"60110";"3";"Дом у озера 3";"5";"7"
"Республики 205";"https://tyumen.brusnika.ru/flat/54929/";"106,9";"12180000";"13920000";"54929";"2";"Дом 3-1";"8";"8"
"Октябрьский на Туре";"https://tyumen.brusnika.ru/flat/52261/";"97,8";"";"12180000";"52261";"8";"Дом 9";"4";"9"
"Республики 205";"https://tyumen.brusnika.ru/flat/56446/";"94,5";"";"12190000";"56446";"6";"Дом 3-1";"7";"9"
"Речной порт";"https://tyumen.brusnika.ru/flat/37800/";"45,6";"";"12200000";"37800";"8";"Дом 7";"3";""
"Октябрьский на Туре";"https://tyumen.brusnika.ru/flat/48596/";"96,9";"";"12220000";"48596";"1";"Дом 10";"4";"8"
"Речной порт";"https://tyumen.brusnika.ru/flat/72220/";"65";"";"12230000";"72220";"4";"Дом 6-2";"3";"18"
"Речной порт";"https://tyumen.brusnika.ru/flat/72319/";"65";"";"12230000";"72319";"5";"Дом 6-2";"3";"18"
"Зарека";"https://tyumen.brusnika.ru/flat/67226/";"65,2";"";"12240000";"67226";"2";"Дом 2-1";"3";"8"
"Октябрьский на Туре";"https://tyumen.brusnika.ru/flat/46652/";"104,8";"";"12260000";"46652";"1";"Дом 8";"3";"7"
"Дом у озера";"https://tyumen.brusnika.ru/flat/60148/";"71";"";"12280000";"60148";"2";"Дом у озера 3";"3";"8"
"Речной порт";"https://tyumen.brusnika.ru/flat/72240/";"60,9";"";"12290000";"72240";"8";"Дом 6-2";"3";"18"
"Речной порт";"https://tyumen.brusnika.ru/flat/72278/";"60,9";"";"12290000";"72278";"9";"Дом 6-2";"3";"18"
"Речной порт";"https://tyumen.brusnika.ru/flat/72302/";"63,3";"";"12290000";"72302";"2";"Дом 6-2";"2";"12"
"Зарека";"https://tyumen.brusnika.ru/flat/69613/";"81,1";"12300000";"14000000";"69613";"9";"Дом 5-2";"3";"9"
"Октябрьский на Туре";"https://tyumen.brusnika.ru/flat/51736/";"79,4";"";"12310000";"51736";"9";"Дом 9";"2";"9"
"Дом у озера";"https://tyumen.brusnika.ru/flat/60143/";"63,7";"";"12310000";"60143";"2";"Урбан-вилла 1";"1";"8"
"Октябрьский на Туре";"https://tyumen.brusnika.ru/flat/46567/";"103,5";"";"12320000";"46567";"1";"Дом 8";"1";"9"
"Республики 205";"https://tyumen.brusnika.ru/flat/56999/";"91,3";"";"12330000";"56999";"12";"Дом 3-1";"1";"18"
"Республики 205";"https://tyumen.brusnika.ru/flat/66663/";"91,3";"";"12330000";"66663";"15";"Дом 3-1";"1";"18"
"Речной порт";"https://tyumen.brusnika.ru/flat/72175/";"64,9";"";"12330000";"72175";"7";"Дом 6-2";"3";"18"
"Республики 205";"https://tyumen.brusnika.ru/flat/56081/";"91,3";"";"12330000";"56081";"13";"Дом 3-1";"1";"18"
"Октябрьский на Туре";"https://tyumen.brusnika.ru/flat/46694/";"111,2";"";"12340000";"46694";"2";"Дом 8";"6";"17"
"Дом у озера";"https://tyumen.brusnika.ru/flat/60138/";"69,9";"";"12340000";"60138";"2";"Дом у озера 3";"6";"4"
"Дом у озера";"https://tyumen.brusnika.ru/flat/60087/";"63,8";"";"12340000";"60087";"2";"Урбан-вилла 1";"1";"8"
"Зарека";"https://tyumen.brusnika.ru/flat/67095/";"77,3";"";"12340000";"67095";"7";"Дом 2-1";"7";"7"
"Республики 205";"https://tyumen.brusnika.ru/flat/54941/";"108,1";"12360000";"14070000";"54941";"2";"Дом 3-1";"4";"8"
"Зарека";"https://tyumen.brusnika.ru/flat/67103/";"86";"";"12380000";"67103";"2";"Дом 2-1";"5";"16"
"Речной порт";"https://tyumen.brusnika.ru/flat/72256/";"62,2";"";"12390000";"72256";"8";"Дом 6-2";"3";"18"
"Зарека";"https://tyumen.brusnika.ru/flat/67116/";"66,5";"";"12400000";"67116";"6";"Дом 2-1";"3";"8"
"Речной порт";"https://tyumen.brusnika.ru/flat/72117/";"60,9";"";"12410000";"72117";"10";"Дом 6-2";"3";"18"
"Речной порт";"https://tyumen.brusnika.ru/flat/72292/";"60,9";"";"12410000";"72292";"11";"Дом 6-2";"3";"18"
"Октябрьский на Туре";"https://tyumen.brusnika.ru/flat/51759/";"118,2";"12420000";"13920000";"51759";"7";"Дом 9";"2";"9"
"Речной порт";"https://tyumen.brusnika.ru/flat/67608/";"75,2";"12440000";"13440000";"67608";"4";"Дом 4";"1";"8"
"Октябрьский на Туре";"https://tyumen.brusnika.ru/flat/46628/";"110,7";"";"12450000";"46628";"3";"Дом 8";"6";"17"
"Октябрьский на Туре";"https://tyumen.brusnika.ru/flat/46707/";"110,6";"";"12450000";"46707";"6";"Дом 8";"6";"17"
"Октябрьский на Туре";"https://tyumen.brusnika.ru/flat/46602/";"110,4";"";"12450000";"46602";"4";"Дом 8";"6";"17"
"Зарека";"https://tyumen.brusnika.ru/flat/56249/";"95,7";"";"12450000";"56249";"4";"Дом 5-2";"3";"9"
"Октябрьский на Туре";"https://tyumen.brusnika.ru/flat/46737/";"111,5";"";"12460000";"46737";"12";"Дом 8";"6";"17"
"Зарека";"https://tyumen.brusnika.ru/flat/67209/";"73,6";"";"12460000";"67209";"7";"Дом 2-1";"6";"7"
"Зарека";"https://tyumen.brusnika.ru/flat/67133/";"65,9";"";"12470000";"67133";"6";"Дом 2-1";"7";"7"
"Октябрьский на Туре";"https://tyumen.brusnika.ru/flat/46609/";"110,3";"";"12480000";"46609";"5";"Дом 8";"6";"17"
"Октябрьский на Туре";"https://tyumen.brusnika.ru/flat/46712/";"111,2";"";"12480000";"46712";"7";"Дом 8";"6";"17"
"Речной порт";"https://tyumen.brusnika.ru/flat/72146/";"62,2";"";"12480000";"72146";"11";"Дом 6-2";"3";"18"
"Дом у озера";"https://tyumen.brusnika.ru/flat/66311/";"70,8";"";"12490000";"66311";"4";"Дом у озера 3";"3";"8"
"Речной порт";"https://tyumen.brusnika.ru/flat/72294/";"60,9";"";"12500000";"72294";"13";"Дом 6-2";"3";"18"
"Октябрьский на Туре";"https://tyumen.brusnika.ru/flat/46722/";"110,4";"";"12520000";"46722";"10";"Дом 8";"6";"17"
"Октябрьский на Туре";"https://tyumen.brusnika.ru/flat/46735/";"110,7";"";"12520000";"46735";"8";"Дом 8";"6";"17"
"Октябрьский на Туре";"https://tyumen.brusnika.ru/flat/52262/";"83,8";"";"12520000";"52262";"9";"Дом 9";"4";"9"
"Республики 205";"https://tyumen.brusnika.ru/flat/54930/";"107,4";"12520000";"13670000";"54930";"2";"Дом 3-1";"6";"8"
"Октябрьский на Туре";"https://tyumen.brusnika.ru/flat/46755/";"110,2";"";"12530000";"46755";"9";"Дом 8";"6";"17"
"Республики 205";"https://tyumen.brusnika.ru/flat/54791/";"92";"";"12540000";"54791";"4";"Дом 3-1";"1";"18"
"Речной порт";"https://tyumen.brusnika.ru/flat/72195/";"62,2";"";"12580000";"72195";"12";"Дом 6-2";"3";"18"
"Дом у озера";"https://tyumen.brusnika.ru/flat/63925/";"70,7";"";"12590000";"63925";"7";"Дом у озера 3";"3";"8"
"Дом у озера";"https://tyumen.brusnika.ru/flat/66312/";"70,7";"";"12590000";"66312";"6";"Дом у озера 3";"3";"8"
"Республики 205";"https://tyumen.brusnika.ru/flat/66666/";"91,7";"";"12590000";"66666";"12";"Дом 3-1";"1";"18"
"Речной порт";"https://tyumen.brusnika.ru/flat/72230/";"60,8";"";"12590000";"72230";"14";"Дом 6-2";"3";"18"
"Речной порт";"https://tyumen.brusnika.ru/flat/56734/";"63,4";"";"12600000";"56734";"6";"Дом 4";"7";"10"
"Речной порт";"https://tyumen.brusnika.ru/flat/72316/";"67,8";"";"12610000";"72316";"7";"Дом 6-2";"3";"18"
"Дом у озера";"https://tyumen.brusnika.ru/flat/60131/";"82,1";"12620000";"13920000";"60131";"6";"Дом у озера 3";"5";"7"
"Республики 205";"https://tyumen.brusnika.ru/flat/56442/";"86,3";"";"12630000";"56442";"11";"Дом 3-1";"1";"18"
"Республики 205";"https://tyumen.brusnika.ru/flat/56459/";"86,1";"";"12630000";"56459";"10";"Дом 3-1";"1";"18"
"Речной порт";"https://tyumen.brusnika.ru/flat/72282/";"68,5";"";"12630000";"72282";"3";"Дом 6-2";"3";"18"
"Республики 205";"https://tyumen.brusnika.ru/flat/54814/";"92";"";"12640000";"54814";"6";"Дом 3-1";"1";"18"
"Республики 205";"https://tyumen.brusnika.ru/flat/54935/";"92";"";"12640000";"54935";"8";"Дом 3-1";"1";"18"
"Зарека";"https://tyumen.brusnika.ru/flat/51636/";"101,1";"";"12670000";"51636";"2";"Дом 5-2";"2";"9"
"Октябрьский на Туре";"https://tyumen.brusnika.ru/flat/48988/";"99,4";"";"12690000";"48988";"8";"Дом 10";"3";"8"
"Кварталы «На Минской»";"https://tyumen.brusnika.ru/flat/54678/";"63,1";"12700000";"13700000";"54678";"4";"Дом 2";"1";"7"
"Республики 205";"https://tyumen.brusnika.ru/flat/48141/";"124,7";"12700000";"16670000";"48141";"5";"Дом 2";"3";"16"
"Октябрьский на Туре";"https://tyumen.brusnika.ru/flat/51768/";"107,1";"";"12720000";"51768";"1";"Дом 9";"3";"9"
"Октябрьский на Туре";"https://tyumen.brusnika.ru/flat/52252/";"107,2";"";"12720000";"52252";"1";"Дом 9";"4";"9"
"Зарека";"https://tyumen.brusnika.ru/flat/67021/";"70,7";"";"12730000";"67021";"6";"Дом 2-1";"7";"7"
"Зарека";"https://tyumen.brusnika.ru/flat/67334/";"64,2";"";"12740000";"67334";"8";"Дом 2-1";"4";"8"
"Речной порт";"https://tyumen.brusnika.ru/flat/72239/";"68,5";"";"12740000";"72239";"4";"Дом 6-2";"3";"18"
"Зарека";"https://tyumen.brusnika.ru/flat/67060/";"67,4";"";"12770000";"67060";"6";"Дом 2-1";"7";"7"
"Зарека";"https://tyumen.brusnika.ru/flat/67196/";"67,4";"";"12770000";"67196";"6";"Дом 2-1";"1";"8"
"Речной порт";"https://tyumen.brusnika.ru/flat/72208/";"71,2";"";"12770000";"72208";"2";"Дом 6-2";"1";"9"
"Дом у озера";"https://tyumen.brusnika.ru/flat/44320/";"82,4";"";"12770000";"44320";"6";"Дом у озера 2";"7";""
"Республики 205";"https://tyumen.brusnika.ru/flat/56426/";"125,7";"12790000";"15900000";"56426";"8";"Дом 3-1";"6";"8"
"Республики 205";"https://tyumen.brusnika.ru/flat/48144/";"126,4";"12790000";"15630000";"48144";"16";"Дом 2";"3";"16"
"Октябрьский на Туре";"https://tyumen.brusnika.ru/flat/46751/";"111,5";"";"12800000";"46751";"13";"Дом 8";"6";"17"
"Республики 205";"https://tyumen.brusnika.ru/flat/54986/";"91,8";"";"12810000";"54986";"10";"Дом 3-1";"1";"18"
"Кварталы «На Минской»";"https://tyumen.brusnika.ru/flat/66892/";"63,1";"12820000";"13820000";"66892";"6";"Дом 2";"1";"7"
"Зарека";"https://tyumen.brusnika.ru/flat/67289/";"81,1";"";"12830000";"67289";"4";"Дом 2-1";"6";"7"
"Зарека";"https://tyumen.brusnika.ru/flat/44920/";"116,2";"12840000";"14580000";"44920";"1";"Дом 1";"6";"8"
"Дом у озера";"https://tyumen.brusnika.ru/flat/66354/";"67,8";"";"12850000";"66354";"4";"Урбан-вилла 1";"1";"8"
"Речной порт";"https://tyumen.brusnika.ru/flat/72258/";"68,5";"";"12870000";"72258";"6";"Дом 6-2";"3";"18"
"Республики 205";"https://tyumen.brusnika.ru/flat/56380/";"100,6";"";"12880000";"56380";"3";"Дом 3-1";"3";"9"
"Октябрьский на Туре";"https://tyumen.brusnika.ru/flat/48562/";"122,6";"12900000";"15390000";"48562";"8";"Дом 10";"2";"8"
"Зарека";"https://tyumen.brusnika.ru/flat/67190/";"69,1";"";"12920000";"67190";"6";"Дом 2-1";"4";"8"
"Речной порт";"https://tyumen.brusnika.ru/flat/71350/";"67,5";"";"12960000";"71350";"4";"Дом 4";"5";"7"
"Речной порт";"https://tyumen.brusnika.ru/flat/63594/";"66,1";"";"12960000";"63594";"6";"Дом 4";"8";"9"
"Речной порт";"https://tyumen.brusnika.ru/flat/67609/";"98,9";"12970000";"15760000";"67609";"10";"Дом 4";"7";"10"
"Речной порт";"https://tyumen.brusnika.ru/flat/72219/";"61,3";"";"12970000";"72219";"18";"Дом 6-2";"3";"18"
"Кварталы «На Минской»";"https://tyumen.brusnika.ru/flat/62035/";"65,1";"";"12990000";"62035";"3";"Дом 2";"2";"7"
"Зарека";"https://tyumen.brusnika.ru/flat/44916/";"117,6";"13040000";"14790000";"44916";"1";"Дом 1";"6";"8"
"Речной порт";"https://tyumen.brusnika.ru/flat/56730/";"67,6";"";"13070000";"56730";"5";"Дом 4";"7";"10"
"Дом у озера";"https://tyumen.brusnika.ru/flat/44335/";"96,5";"";"13070000";"44335";"1";"Дом у озера 2";"7";""
"Речной порт";"https://tyumen.brusnika.ru/flat/72281/";"63,7";"";"13090000";"72281";"18";"Дом 6-2";"3";"18"
"Речной порт";"https://tyumen.brusnika.ru/flat/71356/";"65,9";"";"13120000";"71356";"9";"Дом 4";"7";"10"
"Октябрьский";"https://tyumen.brusnika.ru/flat/31305/";"167,6";"";"13160000";"31305";"10";"Дом 1";"3";"10"
"Речной порт";"https://tyumen.brusnika.ru/flat/66829/";"56,3";"";"13170000";"66829";"6";"Дом 8";"2";""
"Дом у озера";"https://tyumen.brusnika.ru/flat/60094/";"115,8";"13180000";"18030000";"60094";"1";"Дом у озера 3";"3";"8"
"Речной порт";"https://tyumen.brusnika.ru/flat/56470/";"67,6";"";"13180000";"56470";"7";"Дом 4";"7";"10"
"Дом у озера";"https://tyumen.brusnika.ru/flat/66328/";"68,4";"";"13180000";"66328";"7";"Урбан-вилла 1";"1";"8"
"Кварталы «На Минской»";"https://tyumen.brusnika.ru/flat/59774/";"63,8";"";"13200000";"59774";"2";"Дом 2";"9";"7"
"Октябрьский на Туре";"https://tyumen.brusnika.ru/flat/48865/";"83,2";"";"13220000";"48865";"7";"Дом 10";"1";"7"
"Кварталы «На Минской»";"https://tyumen.brusnika.ru/flat/74033/";"69,5";"13220000";"14260000";"74033";"6";"Дом 1";"2";"7"
"Кварталы «На Минской»";"https://tyumen.brusnika.ru/flat/56786/";"97,1";"13220000";"16020000";"56786";"6";"Дом 2";"4";"8"
"Зарека";"https://tyumen.brusnika.ru/flat/67311/";"67,4";"";"13230000";"67311";"7";"Дом 2-1";"3";"8"
"Зарека";"https://tyumen.brusnika.ru/flat/67213/";"87,1";"";"13240000";"67213";"5";"Дом 2-1";"6";"7"
"Зарека";"https://tyumen.brusnika.ru/flat/67086/";"68,5";"";"13270000";"67086";"6";"Дом 2-1";"1";"8"
"Дом у озера";"https://tyumen.brusnika.ru/flat/47980/";"79,1";"";"13270000";"47980";"7";"Дом у озера 2";"5";""
"Речной порт";"https://tyumen.brusnika.ru/flat/72249/";"70,3";"";"13280000";"72249";"1";"Дом 6-2";"2";"12"
"Республики 205";"https://tyumen.brusnika.ru/flat/48202/";"106,9";"";"13290000";"48202";"8";"Дом 2";"2";"8"
"Речной порт";"https://tyumen.brusnika.ru/flat/69941/";"57,8";"";"13290000";"69941";"6";"Дом 8";"2";""
"Республики 205";"https://tyumen.brusnika.ru/flat/48201/";"108,8";"";"13320000";"48201";"8";"Дом 2";"2";"8"
"Кварталы «На Минской»";"https://tyumen.brusnika.ru/flat/54713/";"72,2";"13330000";"14330000";"54713";"2";"Дом 2";"4";"8"
"Октябрьский на Туре";"https://tyumen.brusnika.ru/flat/43582/";"141,9";"13330000";"15090000";"43582";"24";"Дом 7-2";"1";"25"
"Дом у озера";"https://tyumen.brusnika.ru/flat/65602/";"90,8";"";"13350000";"65602";"4";"Дом у озера 3";"4";"8"
"Республики 205";"https://tyumen.brusnika.ru/flat/48186/";"90";"";"13360000";"48186";"16";"Дом 2";"3";"16"
"Октябрьский на Туре";"https://tyumen.brusnika.ru/flat/52254/";"121,4";"13360000";"15120000";"52254";"9";"Дом 9";"4";"9"
"Зарека";"https://tyumen.brusnika.ru/flat/67323/";"85,5";"";"13370000";"67323";"5";"Дом 2-1";"7";"7"
"Октябрьский на Туре";"https://tyumen.brusnika.ru/flat/43516/";"143,8";"13380000";"15150000";"43516";"23";"Дом 7-2";"1";"25"
"Дом у озера";"https://tyumen.brusnika.ru/flat/60083/";"95";"";"13390000";"60083";"2";"Дом у озера 3";"4";"8"
"Республики 205";"https://tyumen.brusnika.ru/flat/48277/";"107,2";"";"13400000";"48277";"7";"Дом 2";"4";"7"
"Речной порт";"https://tyumen.brusnika.ru/flat/69940/";"57,3";"";"13410000";"69940";"6";"Дом 8";"6";""
"Зарека";"https://tyumen.brusnika.ru/flat/67034/";"80,8";"";"13420000";"67034";"2";"Дом 2-1";"4";"8"
"Зарека";"https://tyumen.brusnika.ru/flat/67186/";"65,7";"";"13430000";"67186";"7";"Дом 2-1";"4";"8"
"Речной порт";"https://tyumen.brusnika.ru/flat/72216/";"76,6";"";"13430000";"72216";"5";"Дом 6-2";"2";"12"
"Речной порт";"https://tyumen.brusnika.ru/flat/72187/";"76,6";"";"13430000";"72187";"4";"Дом 6-2";"2";"12"
"Дом у озера";"https://tyumen.brusnika.ru/flat/66308/";"90,8";"";"13460000";"66308";"6";"Дом у озера 3";"4";"8"
"Октябрьский на Туре";"https://tyumen.brusnika.ru/flat/52259/";"114";"";"13470000";"52259";"9";"Дом 9";"3";"9"
"Октябрьский на Туре";"https://tyumen.brusnika.ru/flat/52258/";"114,1";"";"13470000";"52258";"9";"Дом 9";"2";"9"
"Кварталы «На Минской»";"https://tyumen.brusnika.ru/flat/54664/";"77,1";"13480000";"14480000";"54664";"5";"Дом 2";"1";"7"
"Республики 205";"https://tyumen.brusnika.ru/flat/48258/";"125,9";"13490000";"14830000";"48258";"7";"Дом 2";"6";"7"
"Республики 205";"https://tyumen.brusnika.ru/flat/48222/";"135";"13520000";"16080000";"48222";"7";"Дом 2";"8";"7"
"Зарека";"https://tyumen.brusnika.ru/flat/51620/";"105,3";"";"13520000";"51620";"2";"Дом 5-2";"4";"8"
"Зарека";"https://tyumen.brusnika.ru/flat/67222/";"74,4";"";"13530000";"67222";"16";"Дом 2-1";"5";"16"
"Речной порт";"https://tyumen.brusnika.ru/flat/72265/";"76,5";"";"13530000";"72265";"6";"Дом 6-2";"2";"12"
"Речной порт";"https://tyumen.brusnika.ru/flat/72212/";"76,5";"";"13530000";"72212";"7";"Дом 6-2";"2";"12"
"Дом у озера";"https://tyumen.brusnika.ru/flat/60154/";"82,1";"";"13530000";"60154";"5";"Дом у озера 3";"5";"7"
"Зарека";"https://tyumen.brusnika.ru/flat/67215/";"82,1";"";"13550000";"67215";"6";"Дом 2-1";"3";"8"
"Зарека";"https://tyumen.brusnika.ru/flat/67128/";"82,1";"";"13550000";"67128";"6";"Дом 2-1";"7";"7"
"Республики 205";"https://tyumen.brusnika.ru/flat/48188/";"134,6";"13580000";"16160000";"48188";"16";"Дом 2";"3";"16"
"Дом у озера";"https://tyumen.brusnika.ru/flat/60113/";"82,3";"";"13590000";"60113";"2";"Дом у озера 3";"5";"7"
"Октябрьский на Туре";"https://tyumen.brusnika.ru/flat/52872/";"114,8";"";"13600000";"52872";"1";"Дом 9";"3";"9"
"Кварталы «На Минской»";"https://tyumen.brusnika.ru/flat/74044/";"71,7";"13600000";"14600000";"74044";"3";"Дом 1";"5";"8"
"Речной порт";"https://tyumen.brusnika.ru/flat/67605/";"70,3";"13610000";"14610000";"67605";"8";"Дом 4";"1";"8"
"Октябрьский на Туре";"https://tyumen.brusnika.ru/flat/51744/";"115,4";"";"13620000";"51744";"1";"Дом 9";"2";"9"
"Республики 205";"https://tyumen.brusnika.ru/flat/56451/";"100,4";"";"13650000";"56451";"2";"Дом 3-1";"7";"9"
"Дом у озера";"https://tyumen.brusnika.ru/flat/60130/";"84,4";"";"13650000";"60130";"1";"Дом у озера 3";"3";"8"
"Республики 205";"https://tyumen.brusnika.ru/flat/56102/";"100,7";"";"13660000";"56102";"2";"Дом 3-1";"4";"8"
"Октябрьский на Туре";"https://tyumen.brusnika.ru/flat/40132/";"145,7";"13670000";"18210000";"40132";"1";"Дом 7-1";"2";"17"
"Зарека";"https://tyumen.brusnika.ru/flat/67331/";"82,1";"";"13690000";"67331";"6";"Дом 2-1";"1";"8"
"Кварталы «На Минской»";"https://tyumen.brusnika.ru/flat/70102/";"65,1";"";"13690000";"70102";"6";"Дом 2";"4";"8"
"Речной порт";"https://tyumen.brusnika.ru/flat/72152/";"78,5";"";"13700000";"72152";"2";"Дом 6-2";"1";"9"
"Кварталы «На Минской»";"https://tyumen.brusnika.ru/flat/73291/";"63,1";"";"13700000";"73291";"5";"Дом 2";"1";"7"
"Кварталы «На Минской»";"https://tyumen.brusnika.ru/flat/49616/";"70,3";"13750000";"14750000";"49616";"5";"Дом 1";"2";"7"
"Республики 205";"https://tyumen.brusnika.ru/flat/56061/";"76,4";"";"13760000";"56061";"8";"Дом 2";"1";"9"
"Республики 205";"https://tyumen.brusnika.ru/flat/56405/";"136,2";"13770000";"17060000";"56405";"8";"Дом 3-1";"2";"8"
"Кварталы «На Минской»";"https://tyumen.brusnika.ru/flat/74048/";"66,6";"";"13770000";"74048";"7";"Дом 1";"5";"8"
"Кварталы «На Минской»";"https://tyumen.brusnika.ru/flat/66893/";"72,5";"13780000";"14780000";"66893";"6";"Дом 2";"4";"8"
"Кварталы «На Минской»";"https://tyumen.brusnika.ru/flat/74032/";"67,3";"";"13780000";"74032";"3";"Дом 1";"2";"7"
"Октябрьский на Туре";"https://tyumen.brusnika.ru/flat/43399/";"147,2";"13800000";"15590000";"43399";"24";"Дом 7-2";"1";"25"
"Зарека";"https://tyumen.brusnika.ru/flat/51616/";"111,5";"";"13810000";"51616";"2";"Дом 5-2";"5";"6"
"Кварталы «На Минской»";"https://tyumen.brusnika.ru/flat/58336/";"66,8";"";"13820000";"58336";"6";"Дом 1";"5";"8"
"Речной порт";"https://tyumen.brusnika.ru/flat/58433/";"67,5";"";"13840000";"58433";"6";"Дом 9";"4";"7"
"Республики 205";"https://tyumen.brusnika.ru/flat/54949/";"109,1";"";"13860000";"54949";"2";"Дом 3-1";"7";"9"
"Кварталы «На Минской»";"https://tyumen.brusnika.ru/flat/56860/";"71,2";"";"13860000";"56860";"3";"Дом 2";"9";"7"
"Кварталы «На Минской»";"https://tyumen.brusnika.ru/flat/74046/";"66,3";"";"13860000";"74046";"6";"Дом 1";"5";"8"
"Октябрьский на Туре";"https://tyumen.brusnika.ru/flat/49046/";"109,3";"";"13870000";"49046";"6";"Дом 10";"6";"7"
"Республики 205";"https://tyumen.brusnika.ru/flat/56106/";"136,5";"13890000";"17320000";"56106";"8";"Дом 3-1";"6";"8"
"Кварталы «На Минской»";"https://tyumen.brusnika.ru/flat/56659/";"66,4";"";"13890000";"56659";"6";"Дом 1";"2";"7"
"Октябрьский на Туре";"https://tyumen.brusnika.ru/flat/43394/";"147,7";"13930000";"15730000";"43394";"24";"Дом 7-2";"1";"25"
"Дом у озера";"https://tyumen.brusnika.ru/flat/60107/";"90,8";"";"13930000";"60107";"5";"Дом у озера 3";"4";"8"
"Зарека";"https://tyumen.brusnika.ru/flat/52918/";"129,3";"13950000";"16020000";"52918";"4";"Дом 5-2";"1";"16"
"Октябрьский на Туре";"https://tyumen.brusnika.ru/flat/51761/";"115,8";"";"13960000";"51761";"8";"Дом 9";"4";"9"
"Октябрьский на Туре";"https://tyumen.brusnika.ru/flat/48864/";"124";"13990000";"15410000";"48864";"2";"Дом 10";"1";"7"
"Республики 205";"https://tyumen.brusnika.ru/flat/54800/";"107,3";"";"13990000";"54800";"2";"Дом 3-1";"3";"9"
"Речной порт";"https://tyumen.brusnika.ru/flat/34440/";"85";"";"13990000";"34440";"6";"Дом 6-1";"4";"7"
"Республики 205";"https://tyumen.brusnika.ru/flat/56082/";"137,7";"14010000";"17150000";"56082";"8";"Дом 3-1";"4";"8"
"Речной порт";"https://tyumen.brusnika.ru/flat/58423/";"88";"14010000";"15010000";"58423";"9";"Дом 4";"7";"10"
"Кварталы «На Минской»";"https://tyumen.brusnika.ru/flat/73294/";"66,8";"";"14030000";"73294";"4";"Дом 1";"2";"7"
"Республики 205";"https://tyumen.brusnika.ru/flat/48173/";"110";"";"14030000";"48173";"1";"Дом 2";"1";"9"
"Речной порт";"https://tyumen.brusnika.ru/flat/72283/";"68,7";"";"14040000";"72283";"5";"Дом 6-2";"1";"9"
"Зарека";"https://tyumen.brusnika.ru/flat/51621/";"129,4";"14050000";"16000000";"51621";"7";"Дом 5-2";"1";"16"
"Октябрьский на Туре";"https://tyumen.brusnika.ru/flat/51748/";"119,1";"";"14070000";"51748";"8";"Дом 9";"3";"9"
"Кварталы «На Минской»";"https://tyumen.brusnika.ru/flat/73295/";"68,6";"";"14080000";"73295";"7";"Дом 2";"5";"11"
"Кварталы «На Минской»";"https://tyumen.brusnika.ru/flat/49634/";"67,2";"";"14100000";"49634";"6";"Дом 1";"2";"7"
"Кварталы «На Минской»";"https://tyumen.brusnika.ru/flat/50063/";"66,8";"";"14110000";"50063";"5";"Дом 1";"2";"7"
"Республики 205";"https://tyumen.brusnika.ru/flat/56385/";"138,7";"14120000";"17270000";"56385";"8";"Дом 3-1";"4";"8"
"Республики 205";"https://tyumen.brusnika.ru/flat/56453/";"108";"";"14140000";"56453";"2";"Дом 3-1";"5";"9"
"Республики 205";"https://tyumen.brusnika.ru/flat/43753/";"139";"14140000";"15140000";"43753";"7";"Дом 1";"6";"15"
"Октябрьский на Туре";"https://tyumen.brusnika.ru/flat/72043/";"121,1";"";"14170000";"72043";"7";"Дом 9";"3";"9"
"Октябрьский на Туре";"https://tyumen.brusnika.ru/flat/52257/";"138,5";"14200000";"16020000";"52257";"17";"Дом 9";"1";"17"
"Зарека";"https://tyumen.brusnika.ru/flat/67099/";"96,5";"";"14200000";"67099";"2";"Дом 2-1";"5";"16"
"Речной порт";"https://tyumen.brusnika.ru/flat/71374/";"88,9";"14220000";"18070000";"71374";"9";"Дом 4";"8";"9"
"Кварталы «На Минской»";"https://tyumen.brusnika.ru/flat/74042/";"71";"";"14240000";"74042";"5";"Дом 1";"5";"8"
"Зарека";"https://tyumen.brusnika.ru/flat/67033/";"88,7";"";"14270000";"67033";"13";"Дом 2-1";"5";"16"
"Зарека";"https://tyumen.brusnika.ru/flat/67129/";"88,7";"";"14270000";"67129";"12";"Дом 2-1";"5";"16"
"Речной порт";"https://tyumen.brusnika.ru/flat/56743/";"85,1";"";"14280000";"56743";"3";"Дом 4";"7";"10"
"Речной порт";"https://tyumen.brusnika.ru/flat/72242/";"92,9";"";"14300000";"72242";"2";"Дом 6-2";"3";"18"
"Дом у озера";"https://tyumen.brusnika.ru/flat/44342/";"110,2";"";"14320000";"44342";"8";"Дом у озера 2";"2";""
"Зарека";"https://tyumen.brusnika.ru/flat/52927/";"134,7";"14330000";"16420000";"52927";"6";"Дом 5-2";"5";"6"
"Речной порт";"https://tyumen.brusnika.ru/flat/67607/";"57,1";"";"14330000";"67607";"10";"Дом 4";"3";"10"
"Речной порт";"https://tyumen.brusnika.ru/flat/66347/";"80,3";"";"14340000";"66347";"7";"Дом 4";"1";"8"
"Кварталы «На Минской»";"https://tyumen.brusnika.ru/flat/73284/";"72,2";"";"14380000";"73284";"3";"Дом 2";"4";"8"
"Октябрьский на Туре";"https://tyumen.brusnika.ru/flat/46649/";"141,3";"14380000";"15820000";"46649";"6";"Дом 8";"3";"7"
"Кварталы «На Минской»";"https://tyumen.brusnika.ru/flat/74040/";"77,9";"";"14380000";"74040";"3";"Дом 1";"1";"16"
"Зарека";"https://tyumen.brusnika.ru/flat/65917/";"116,5";"";"14380000";"65917";"2";"Дом 5-2";"2";"9"
"Кварталы «На Минской»";"https://tyumen.brusnika.ru/flat/73288/";"77,9";"";"14380000";"73288";"8";"Дом 1";"1";"16"
"Октябрьский на Туре";"https://tyumen.brusnika.ru/flat/51786/";"118,1";"";"14400000";"51786";"6";"Дом 9";"7";"7"
"Октябрьский на Туре";"https://tyumen.brusnika.ru/flat/48561/";"114,2";"";"14460000";"48561";"8";"Дом 10";"2";"8"
"Зарека";"https://tyumen.brusnika.ru/flat/67193/";"96,6";"";"14460000";"67193";"6";"Дом 2-1";"5";"16"
"Кварталы «На Минской»";"https://tyumen.brusnika.ru/flat/74036/";"71,1";"";"14480000";"74036";"4";"Дом 1";"2";"7"
"Речной порт";"https://tyumen.brusnika.ru/flat/37829/";"75,8";"";"14480000";"37829";"8";"Дом 7";"2";""
"Зарека";"https://tyumen.brusnika.ru/flat/67140/";"99,6";"";"14500000";"67140";"3";"Дом 2-1";"7";"7"
"Кварталы «На Минской»";"https://tyumen.brusnika.ru/flat/56286/";"84,2";"14500000";"15500000";"56286";"3";"Дом 1";"4";"7"
"Речной порт";"https://tyumen.brusnika.ru/flat/54125/";"123,6";"14510000";"15950000";"54125";"8";"Дом 4";"4";"8"
"Кварталы «На Минской»";"https://tyumen.brusnika.ru/flat/55055/";"70,3";"";"14510000";"55055";"4";"Дом 1";"2";"7"
"Зарека";"https://tyumen.brusnika.ru/flat/67247/";"96,2";"";"14560000";"67247";"7";"Дом 2-1";"5";"16"
"Кварталы «На Минской»";"https://tyumen.brusnika.ru/flat/74037/";"77,9";"";"14560000";"74037";"8";"Дом 1";"1";"16"
"Зарека";"https://tyumen.brusnika.ru/flat/67307/";"96,3";"";"14570000";"67307";"9";"Дом 2-1";"5";"16"
"Речной порт";"https://tyumen.brusnika.ru/flat/67959/";"124,1";"14570000";"16010000";"67959";"7";"Дом 4";"5";"7"
"Республики 205";"https://tyumen.brusnika.ru/flat/48196/";"146,1";"14580000";"17440000";"48196";"7";"Дом 2";"5";"7"
"Зарека";"https://tyumen.brusnika.ru/flat/67274/";"80,4";"";"14610000";"67274";"6";"Дом 2-1";"6";"7"
"Зарека";"https://tyumen.brusnika.ru/flat/67078/";"88";"";"14660000";"67078";"10";"Дом 2-1";"5";"16"
"Зарека";"https://tyumen.brusnika.ru/flat/67073/";"92,8";"";"14660000";"67073";"16";"Дом 2-1";"5";"16"
"Кварталы «На Минской»";"https://tyumen.brusnika.ru/flat/56290/";"84,2";"14660000";"15660000";"56290";"4";"Дом 1";"4";"7"
"Зарека";"https://tyumen.brusnika.ru/flat/46830/";"122,5";"14660000";"15960000";"46830";"8";"Дом 1";"5";"8"
"Зарека";"https://tyumen.brusnika.ru/flat/67281/";"100,7";"";"14660000";"67281";"3";"Дом 2-1";"6";"7"
"Республики 205";"https://tyumen.brusnika.ru/flat/56432/";"113,8";"";"14710000";"56432";"8";"Дом 3-1";"8";"8"
"Кварталы «На Минской»";"https://tyumen.brusnika.ru/flat/73849/";"70,8";"14720000";"15720000";"73849";"7";"Дом 1";"2";"7"
"Кварталы «На Минской»";"https://tyumen.brusnika.ru/flat/56841/";"71,7";"";"14720000";"56841";"4";"Дом 1";"5";"8"
"Кварталы «На Минской»";"https://tyumen.brusnika.ru/flat/49611/";"71,7";"";"14720000";"49611";"6";"Дом 1";"5";"8"
"Республики 205";"https://tyumen.brusnika.ru/flat/48248/";"124,5";"";"14750000";"48248";"7";"Дом 2";"6";"7"
"Кварталы «На Минской»";"https://tyumen.brusnika.ru/flat/49624/";"84,2";"14760000";"15760000";"49624";"5";"Дом 1";"4";"7"
"Кварталы «На Минской»";"https://tyumen.brusnika.ru/flat/58257/";"93,9";"14770000";"15770000";"58257";"5";"Дом 2";"7";"7"
"Речной порт";"https://tyumen.brusnika.ru/flat/72301/";"75,1";"";"14780000";"72301";"1";"Дом 6-2";"1";"9"
"Речной порт";"https://tyumen.brusnika.ru/flat/58432/";"67,5";"";"14810000";"58432";"8";"Дом 9";"3";"9"
"Речной порт";"https://tyumen.brusnika.ru/flat/71373/";"60,4";"";"14840000";"71373";"8";"Дом 4";"1";"8"
"Зарека";"https://tyumen.brusnika.ru/flat/51619/";"87";"";"14850000";"51619";"9";"Дом 5-2";"2";"9"
"Речной порт";"https://tyumen.brusnika.ru/flat/71368/";"60,7";"";"14880000";"71368";"9";"Дом 4";"8";"9"
"Кварталы «На Минской»";"https://tyumen.brusnika.ru/flat/50038/";"69,9";"";"14920000";"50038";"6";"Дом 1";"2";"7"
"Зарека";"https://tyumen.brusnika.ru/flat/52923/";"135,1";"14930000";"20500000";"52923";"2";"Дом 5-2";"6";"7"
"Зарека";"https://tyumen.brusnika.ru/flat/67298/";"82,5";"";"14940000";"67298";"6";"Дом 2-1";"6";"7"
"Речной порт";"https://tyumen.brusnika.ru/flat/72237/";"88,2";"";"14950000";"72237";"8";"Дом 6-2";"3";"18"
"Кварталы «На Минской»";"https://tyumen.brusnika.ru/flat/54242/";"110,4";"15020000";"17220000";"54242";"2";"Дом 1";"3";"7"
"Октябрьский на Туре";"https://tyumen.brusnika.ru/flat/46555/";"142,7";"15020000";"16440000";"46555";"1";"Дом 8";"2";"9"
"Речной порт";"https://tyumen.brusnika.ru/flat/71352/";"91,4";"";"15020000";"71352";"6";"Дом 4";"1";"8"
"Октябрьский на Туре";"https://tyumen.brusnika.ru/flat/51764/";"138,8";"15040000";"16040000";"51764";"6";"Дом 9";"8";"7"
"Зарека";"https://tyumen.brusnika.ru/flat/51613/";"141,4";"15040000";"17870000";"51613";"7";"Дом 5-2";"6";"7"
"Речной порт";"https://tyumen.brusnika.ru/flat/72127/";"100,5";"";"15050000";"72127";"3";"Дом 6-2";"3";"18"
"Кварталы «На Минской»";"https://tyumen.brusnika.ru/flat/56857/";"92";"15050000";"16050000";"56857";"3";"Дом 2";"9";"7"
"Дом у озера";"https://tyumen.brusnika.ru/flat/47916/";"117,1";"";"15050000";"47916";"1";"Дом у озера 2";"6";""
"Кварталы «На Минской»";"https://tyumen.brusnika.ru/flat/54721/";"90,3";"";"15070000";"54721";"2";"Дом 2";"5";"11"
"Речной порт";"https://tyumen.brusnika.ru/flat/72184/";"75,5";"";"15080000";"72184";"5";"Дом 6-2";"1";"9"
"Речной порт";"https://tyumen.brusnika.ru/flat/72169/";"88,2";"";"15090000";"72169";"10";"Дом 6-2";"3";"18"
"Республики 205";"https://tyumen.brusnika.ru/flat/48257/";"125,9";"";"15100000";"48257";"7";"Дом 2";"8";"7"
"Зарека";"https://tyumen.brusnika.ru/flat/52929/";"122";"";"15100000";"52929";"8";"Дом 5-2";"4";"8"
"Речной порт";"https://tyumen.brusnika.ru/flat/66462/";"88,9";"";"15120000";"66462";"3";"Дом 4";"1";"8"
"Речной порт";"https://tyumen.brusnika.ru/flat/71377/";"60,7";"";"15150000";"71377";"10";"Дом 4";"7";"10"
"Речной порт";"https://tyumen.brusnika.ru/flat/72310/";"100,5";"";"15200000";"72310";"4";"Дом 6-2";"3";"18"
"Дом у озера";"https://tyumen.brusnika.ru/flat/47950/";"145,6";"15260000";"18440000";"47950";"8";"Дом у озера 2";"7";""
"Речной порт";"https://tyumen.brusnika.ru/flat/37735/";"61,6";"";"15300000";"37735";"2";"Дом 7";"1";""
"Октябрьский на Туре";"https://tyumen.brusnika.ru/flat/48595/";"122,7";"";"15310000";"48595";"8";"Дом 10";"4";"8"
"Дом у озера";"https://tyumen.brusnika.ru/flat/44340/";"111,1";"";"15310000";"44340";"8";"Дом у озера 2";"7";""
"Речной порт";"https://tyumen.brusnika.ru/flat/71375/";"61,4";"";"15310000";"71375";"10";"Дом 4";"7";"10"
"Дом у озера";"https://tyumen.brusnika.ru/flat/44375/";"77,5";"";"15310000";"44375";"3";"Дом у озера 2";"3";""
"Республики 205";"https://tyumen.brusnika.ru/flat/56406/";"121,5";"";"15320000";"56406";"8";"Дом 3-1";"2";"8"
"Зарека";"https://tyumen.brusnika.ru/flat/69617/";"122,3";"";"15380000";"69617";"6";"Дом 5-2";"5";"6"
"Кварталы «На Минской»";"https://tyumen.brusnika.ru/flat/54705/";"113,3";"15420000";"18440000";"54705";"2";"Дом 2";"3";"7"
"Октябрьский на Туре";"https://tyumen.brusnika.ru/flat/46758/";"137,5";"";"15450000";"46758";"17";"Дом 8";"6";"17"
"Республики 205";"https://tyumen.brusnika.ru/flat/48236/";"131,5";"";"15480000";"48236";"7";"Дом 2";"6";"7"
"Дом у озера";"https://tyumen.brusnika.ru/flat/66346/";"94,3";"15480000";"17360000";"66346";"6";"Урбан-вилла 1";"1";"8"
"Кварталы «На Минской»";"https://tyumen.brusnika.ru/flat/54708/";"90,9";"15520000";"16520000";"54708";"3";"Дом 2";"3";"7"
"Зарека";"https://tyumen.brusnika.ru/flat/69611/";"121,7";"";"15530000";"69611";"6";"Дом 5-2";"5";"6"
"Зарека";"https://tyumen.brusnika.ru/flat/67225/";"85,3";"";"15540000";"67225";"6";"Дом 2-1";"7";"7"
"Зарека";"https://tyumen.brusnika.ru/flat/67218/";"111,9";"";"15560000";"67218";"3";"Дом 2-1";"2";"8"
"Дом у озера";"https://tyumen.brusnika.ru/flat/60088/";"97";"";"15560000";"60088";"1";"Дом у озера 3";"3";"8"
"Кварталы «На Минской»";"https://tyumen.brusnika.ru/flat/54669/";"94,5";"";"15590000";"54669";"2";"Дом 2";"1";"7"
"Речной порт";"https://tyumen.brusnika.ru/flat/72311/";"80";"";"15590000";"72311";"6";"Дом 6-2";"1";"9"
"Октябрьский на Туре";"https://tyumen.brusnika.ru/flat/49018/";"144,7";"15600000";"18030000";"49018";"8";"Дом 10";"4";"8"
"Речной порт";"https://tyumen.brusnika.ru/flat/54129/";"103";"";"15600000";"54129";"4";"Дом 4";"3";"10"
"Зарека";"https://tyumen.brusnika.ru/flat/67276/";"97,3";"";"15610000";"67276";"2";"Дом 2-1";"1";"8"
"Кварталы «На Минской»";"https://tyumen.brusnika.ru/flat/50047/";"96,5";"";"15620000";"50047";"2";"Дом 1";"5";"8"
"Октябрьский на Туре";"https://tyumen.brusnika.ru/flat/48989/";"124,3";"";"15630000";"48989";"8";"Дом 10";"3";"8"
"Октябрьский на Туре";"https://tyumen.brusnika.ru/flat/48983/";"124,3";"";"15630000";"48983";"8";"Дом 10";"3";"8"
"Речной порт";"https://tyumen.brusnika.ru/flat/54154/";"105,4";"15640000";"16640000";"54154";"1";"Дом 4";"8";"9"
"Зарека";"https://tyumen.brusnika.ru/flat/67164/";"111,9";"";"15640000";"67164";"4";"Дом 2-1";"2";"8"
"Зарека";"https://tyumen.brusnika.ru/flat/67105/";"111,9";"";"15640000";"67105";"5";"Дом 2-1";"2";"8"
"Кварталы «На Минской»";"https://tyumen.brusnika.ru/flat/54733/";"84,3";"";"15640000";"54733";"3";"Дом 2";"5";"11"
"Кварталы «На Минской»";"https://tyumen.brusnika.ru/flat/56294/";"96,7";"";"15650000";"56294";"7";"Дом 1";"5";"8"
"Кварталы «На Минской»";"https://tyumen.brusnika.ru/flat/54707/";"90,7";"";"15660000";"54707";"3";"Дом 2";"3";"7"
"Кварталы «На Минской»";"https://tyumen.brusnika.ru/flat/56782/";"90,9";"15660000";"16660000";"56782";"5";"Дом 2";"3";"7"
"Кварталы «На Минской»";"https://tyumen.brusnika.ru/flat/49644/";"88,2";"15740000";"16740000";"49644";"4";"Дом 1";"4";"7"
"Кварталы «На Минской»";"https://tyumen.brusnika.ru/flat/56282/";"88,2";"15750000";"16750000";"56282";"5";"Дом 1";"4";"7"
"Кварталы «На Минской»";"https://tyumen.brusnika.ru/flat/54233/";"88,2";"15760000";"16760000";"54233";"6";"Дом 1";"4";"7"
"Кварталы «На Минской»";"https://tyumen.brusnika.ru/flat/56870/";"93,9";"";"15770000";"56870";"4";"Дом 2";"7";"7"
"Речной порт";"https://tyumen.brusnika.ru/flat/58422/";"100,5";"";"15790000";"58422";"9";"Дом 4";"3";"10"
"Октябрьский на Туре";"https://tyumen.brusnika.ru/flat/46685/";"143,8";"";"15820000";"46685";"6";"Дом 8";"5";"7"
"Кварталы «На Минской»";"https://tyumen.brusnika.ru/flat/58256/";"93,9";"";"15820000";"58256";"6";"Дом 2";"7";"7"
"Зарека";"https://tyumen.brusnika.ru/flat/51637/";"129,2";"";"15820000";"51637";"2";"Дом 5-2";"1";"16"
"Октябрьский на Туре";"https://tyumen.brusnika.ru/flat/46721/";"141,3";"";"15830000";"46721";"17";"Дом 8";"6";"17"
"Кварталы «На Минской»";"https://tyumen.brusnika.ru/flat/50036/";"96,7";"";"15840000";"50036";"3";"Дом 1";"3";"7"
"Республики 205";"https://tyumen.brusnika.ru/flat/56092/";"125,7";"";"15860000";"56092";"8";"Дом 3-1";"2";"8"
"Зарека";"https://tyumen.brusnika.ru/flat/67183/";"108,4";"";"15920000";"67183";"7";"Дом 2-1";"2";"8"
"Зарека";"https://tyumen.brusnika.ru/flat/67146/";"112,3";"";"15930000";"67146";"7";"Дом 2-1";"3";"8"
"Октябрьский на Туре";"https://tyumen.brusnika.ru/flat/51769/";"137,9";"";"15940000";"51769";"6";"Дом 9";"5";"7"
"Речной порт";"https://tyumen.brusnika.ru/flat/67955/";"88,7";"";"15960000";"67955";"2";"Дом 4";"3";"10"
"Республики 205";"https://tyumen.brusnika.ru/flat/48175/";"135,6";"";"15970000";"48175";"8";"Дом 2";"2";"8"
"Речной порт";"https://tyumen.brusnika.ru/flat/67603/";"123,8";"";"15990000";"67603";"8";"Дом 4";"4";"8"
"Зарека";"https://tyumen.brusnika.ru/flat/67313/";"114,4";"";"16000000";"67313";"3";"Дом 2-1";"2";"8"
"Зарека";"https://tyumen.brusnika.ru/flat/56245/";"129,4";"";"16000000";"56245";"8";"Дом 5-2";"1";"16"
"Зарека";"https://tyumen.brusnika.ru/flat/56248/";"129,3";"";"16020000";"56248";"5";"Дом 5-2";"1";"16"
"Зарека";"https://tyumen.brusnika.ru/flat/56243/";"129,2";"";"16040000";"56243";"3";"Дом 5-2";"1";"16"
"Кварталы «На Минской»";"https://tyumen.brusnika.ru/flat/54682/";"104,1";"16050000";"17050000";"54682";"2";"Дом 2";"3";"7"
"Речной порт";"https://tyumen.brusnika.ru/flat/37752/";"75,9";"";"16050000";"37752";"5";"Дом 7";"1";""
"Зарека";"https://tyumen.brusnika.ru/flat/67301/";"114,5";"";"16080000";"67301";"5";"Дом 2-1";"2";"8"
"Республики 205";"https://tyumen.brusnika.ru/flat/43823/";"151";"16080000";"17080000";"43823";"15";"Дом 1";"6";"15"
"Зарека";"https://tyumen.brusnika.ru/flat/67294/";"114,5";"";"16080000";"67294";"4";"Дом 2-1";"2";"8"
"Кварталы «На Минской»";"https://tyumen.brusnika.ru/flat/56785/";"97,1";"";"16080000";"56785";"3";"Дом 2";"4";"8"
"Республики 205";"https://tyumen.brusnika.ru/flat/56076/";"128";"";"16090000";"56076";"8";"Дом 3-1";"6";"8"
"Октябрьский на Туре";"https://tyumen.brusnika.ru/flat/51745/";"138,7";"";"16120000";"51745";"17";"Дом 9";"1";"17"
"Кварталы «На Минской»";"https://tyumen.brusnika.ru/flat/56673/";"91,1";"";"16130000";"56673";"6";"Дом 2";"2";"7"
"Речной порт";"https://tyumen.brusnika.ru/flat/71364/";"66,1";"";"16190000";"71364";"9";"Дом 4";"8";"9"
"Кварталы «На Минской»";"https://tyumen.brusnika.ru/flat/56858/";"92";"";"16200000";"56858";"4";"Дом 2";"9";"7"
"Речной порт";"https://tyumen.brusnika.ru/flat/37750/";"76,2";"";"16200000";"37750";"7";"Дом 7";"1";""
"Речной порт";"https://tyumen.brusnika.ru/flat/54153/";"110,9";"16210000";"17210000";"54153";"2";"Дом 4";"7";"10"
"Республики 205";"https://tyumen.brusnika.ru/flat/48269/";"146,4";"16280000";"18750000";"48269";"7";"Дом 2";"7";"7"
"Речной порт";"https://tyumen.brusnika.ru/flat/37814/";"81,5";"";"16290000";"37814";"6";"Дом 7";"3";""
"Зарека";"https://tyumen.brusnika.ru/flat/67096/";"108,5";"";"16300000";"67096";"16";"Дом 2-1";"5";"16"
"Республики 205";"https://tyumen.brusnika.ru/flat/56105/";"120,4";"";"16320000";"56105";"3";"Дом 3-1";"1";"18"
"Республики 205";"https://tyumen.brusnika.ru/flat/48211/";"125";"";"16320000";"48211";"8";"Дом 2";"3";"16"
"Дом у озера";"https://tyumen.brusnika.ru/flat/60125/";"114,8";"";"16340000";"60125";"4";"Дом у озера 3";"6";"4"
"Дом у озера";"https://tyumen.brusnika.ru/flat/66332/";"97,6";"";"16350000";"66332";"4";"Дом у озера 3";"6";"4"
"Республики 205";"https://tyumen.brusnika.ru/flat/48195/";"121,2";"";"16400000";"48195";"2";"Дом 2";"3";"16"
"Речной порт";"https://tyumen.brusnika.ru/flat/67602/";"124,1";"";"16470000";"67602";"10";"Дом 4";"3";"10"
"Зарека";"https://tyumen.brusnika.ru/flat/67317/";"106,8";"";"16480000";"67317";"2";"Дом 2-1";"4";"8"
"Кварталы «На Минской»";"https://tyumen.brusnika.ru/flat/58345/";"90,9";"";"16570000";"58345";"4";"Дом 2";"3";"7"
"Речной порт";"https://tyumen.brusnika.ru/flat/72215/";"96,5";"";"16580000";"72215";"6";"Дом 6-2";"2";"12"
"Речной порт";"https://tyumen.brusnika.ru/flat/72122/";"96,7";"";"16590000";"72122";"7";"Дом 6-2";"2";"12"
"Речной порт";"https://tyumen.brusnika.ru/flat/67925/";"117,3";"";"16600000";"67925";"9";"Дом 4";"6";"9"
"Зарека";"https://tyumen.brusnika.ru/flat/69621/";"131,6";"";"16600000";"69621";"7";"Дом 5-2";"6";"7"
"Республики 205";"https://tyumen.brusnika.ru/flat/48241/";"166";"16610000";"19560000";"48241";"7";"Дом 2";"5";"7"
"Республики 205";"https://tyumen.brusnika.ru/flat/48273/";"166";"16640000";"19550000";"48273";"7";"Дом 2";"7";"7"
"Республики 205";"https://tyumen.brusnika.ru/flat/48209/";"124,6";"";"16660000";"48209";"3";"Дом 2";"3";"16"
"Республики 205";"https://tyumen.brusnika.ru/flat/48142/";"124,7";"";"16670000";"48142";"4";"Дом 2";"3";"16"
"Зарека";"https://tyumen.brusnika.ru/flat/67110/";"119";"";"16670000";"67110";"4";"Дом 2-1";"3";"8"
"Зарека";"https://tyumen.brusnika.ru/flat/67137/";"119";"";"16670000";"67137";"5";"Дом 2-1";"3";"8"
"Зарека";"https://tyumen.brusnika.ru/flat/52939/";"157";"16690000";"18960000";"52939";"8";"Дом 5-2";"4";"8"
"Республики 205";"https://tyumen.brusnika.ru/flat/48230/";"139,7";"";"16750000";"48230";"7";"Дом 2";"4";"7"
"Речной порт";"https://tyumen.brusnika.ru/flat/58417/";"107";"";"16750000";"58417";"1";"Дом 4";"8";"9"
"Кварталы «На Минской»";"https://tyumen.brusnika.ru/flat/56783/";"90,9";"";"16760000";"56783";"5";"Дом 2";"2";"7"
"Зарека";"https://tyumen.brusnika.ru/flat/67115/";"105,5";"";"16940000";"67115";"2";"Дом 2-1";"7";"7"
"Республики 205";"https://tyumen.brusnika.ru/flat/48215/";"137,8";"";"16950000";"48215";"16";"Дом 2";"3";"16"
"Республики 205";"https://tyumen.brusnika.ru/flat/56087/";"107,3";"";"16960000";"56087";"9";"Дом 3-1";"1";"18"
"Дом у озера";"https://tyumen.brusnika.ru/flat/60129/";"149,4";"17000000";"20600000";"60129";"1";"Дом у озера 3";"6";"4"
"Республики 205";"https://tyumen.brusnika.ru/flat/48192/";"168,9";"17000000";"21320000";"48192";"16";"Дом 2";"3";"16"
"Кварталы «На Минской»";"https://tyumen.brusnika.ru/flat/54683/";"103,9";"";"17020000";"54683";"2";"Дом 2";"2";"7"
"Зарека";"https://tyumen.brusnika.ru/flat/67016/";"97";"";"17050000";"67016";"10";"Дом 2-1";"5";"16"
"Республики 205";"https://tyumen.brusnika.ru/flat/56458/";"137,1";"";"17090000";"56458";"8";"Дом 3-1";"8";"8"
"Дом у озера";"https://tyumen.brusnika.ru/flat/60085/";"90,2";"";"17090000";"60085";"2";"Урбан-вилла 1";"1";"8"
"Республики 205";"https://tyumen.brusnika.ru/flat/56461/";"131,9";"";"17110000";"56461";"3";"Дом 3-1";"1";"18"
"Речной порт";"https://tyumen.brusnika.ru/flat/72268/";"96";"";"17120000";"72268";"7";"Дом 6-2";"3";"18"
"Республики 205";"https://tyumen.brusnika.ru/flat/48200/";"124,6";"";"17160000";"48200";"10";"Дом 2";"3";"16"
"Республики 205";"https://tyumen.brusnika.ru/flat/48190/";"125,1";"";"17160000";"48190";"6";"Дом 2";"3";"16"
"Республики 205";"https://tyumen.brusnika.ru/flat/48242/";"145,5";"";"17210000";"48242";"7";"Дом 2";"7";"7"
"Речной порт";"https://tyumen.brusnika.ru/flat/67922/";"146,9";"17240000";"18700000";"67922";"7";"Дом 4";"5";"7"
"Речной порт";"https://tyumen.brusnika.ru/flat/72298/";"99,5";"";"17280000";"72298";"5";"Дом 6-2";"1";"9"
"Речной порт";"https://tyumen.brusnika.ru/flat/37738/";"109,5";"";"17300000";"37738";"1";"Дом 7";"2";""
"Республики 205";"https://tyumen.brusnika.ru/flat/56099/";"136,5";"";"17320000";"56099";"8";"Дом 3-1";"4";"8"
"Республики 205";"https://tyumen.brusnika.ru/flat/68681/";"138,4";"";"17320000";"68681";"8";"Дом 3-1";"4";"8"
"Кварталы «На Минской»";"https://tyumen.brusnika.ru/flat/54730/";"112,6";"17350000";"18350000";"54730";"2";"Дом 2";"6";"8"
"Речной порт";"https://tyumen.brusnika.ru/flat/54173/";"123,2";"";"17360000";"54173";"2";"Дом 4";"4";"8"
"Дом у озера";"https://tyumen.brusnika.ru/flat/66353/";"94,3";"";"17370000";"66353";"7";"Урбан-вилла 1";"1";"8"
"Октябрьский на Туре";"https://tyumen.brusnika.ru/flat/48878/";"142,7";"";"17440000";"48878";"8";"Дом 10";"2";"8"
"Речной порт";"https://tyumen.brusnika.ru/flat/56113/";"119";"";"17440000";"56113";"2";"Дом 4";"3";"10"
"Кварталы «На Минской»";"https://tyumen.brusnika.ru/flat/56773/";"106,2";"";"17470000";"56773";"7";"Дом 2";"2";"7"
"Зарека";"https://tyumen.brusnika.ru/flat/67165/";"105,6";"";"17540000";"67165";"16";"Дом 2-1";"5";"16"
"Дом у озера";"https://tyumen.brusnika.ru/flat/60079/";"117,4";"";"17550000";"60079";"4";"Дом у озера 3";"6";"4"
"Речной порт";"https://tyumen.brusnika.ru/flat/54987/";"106,2";"";"17560000";"54987";"2";"Дом 4";"5";"7"
"Речной порт";"https://tyumen.brusnika.ru/flat/72159/";"107";"";"17600000";"72159";"3";"Дом 6-2";"2";"12"
"Кварталы «На Минской»";"https://tyumen.brusnika.ru/flat/56781/";"93,5";"";"17630000";"56781";"5";"Дом 2";"4";"8"
"Дом у озера";"https://tyumen.brusnika.ru/flat/71656/";"130,3";"";"17730000";"71656";"8";"Дом у озера 3";"3";"8"
"Зарека";"https://tyumen.brusnika.ru/flat/69620/";"166,9";"17740000";"20200000";"69620";"7";"Дом 5-2";"6";"7"
"Речной порт";"https://tyumen.brusnika.ru/flat/72259/";"101,5";"";"17740000";"72259";"4";"Дом 6-2";"1";"9"
"Речной порт";"https://tyumen.brusnika.ru/flat/54136/";"133";"";"17820000";"54136";"1";"Дом 4";"1";"8"
"Кварталы «На Минской»";"https://tyumen.brusnika.ru/flat/54667/";"131";"17820000";"21110000";"54667";"2";"Дом 2";"10";"7"
"Дом у озера";"https://tyumen.brusnika.ru/flat/44411/";"140,6";"";"17850000";"44411";"1";"Дом у озера 2";"5";""
"Дом у озера";"https://tyumen.brusnika.ru/flat/44362/";"171,9";"17890000";"21070000";"44362";"1";"Дом у озера 2";"10";""
"Кварталы «На Минской»";"https://tyumen.brusnika.ru/flat/56851/";"91,7";"";"17920000";"56851";"2";"Дом 1";"1";"16"
"Кварталы «На Минской»";"https://tyumen.brusnika.ru/flat/62910/";"110,1";"";"17950000";"62910";"2";"Дом 2";"7";"7"
"Дом у озера";"https://tyumen.brusnika.ru/flat/44388/";"172,9";"17970000";"21160000";"44388";"1";"Дом у озера 2";"10";""
"Речной порт";"https://tyumen.brusnika.ru/flat/71362/";"88,9";"";"18020000";"71362";"8";"Дом 4";"1";"8"
"Октябрьский на Туре";"https://tyumen.brusnika.ru/flat/48879/";"144,7";"";"18030000";"48879";"8";"Дом 10";"2";"8"
"Дом у озера";"https://tyumen.brusnika.ru/flat/44297/";"169,4";"18060000";"21460000";"44297";"1";"Дом у озера 2";"9";""
"Дом у озера";"https://tyumen.brusnika.ru/flat/44402/";"170,6";"18060000";"21460000";"44402";"1";"Дом у озера 2";"9";""
"Речной порт";"https://tyumen.brusnika.ru/flat/37794/";"104,8";"";"18060000";"37794";"8";"Дом 7";"3";""
"Дом у озера";"https://tyumen.brusnika.ru/flat/60151/";"108,1";"";"18070000";"60151";"1";"Урбан-вилла 1";"1";"8"
"1А Первомайская";"https://tyumen.brusnika.ru/flat/57303/";"72,6";"18100000";"24800000";"57303";"3";"Дом 2";"1";"8"
"Речной порт";"https://tyumen.brusnika.ru/flat/72204/";"99,5";"";"18100000";"72204";"17";"Дом 6-2";"3";"18"
"Речной порт";"https://tyumen.brusnika.ru/flat/73820/";"94";"";"18120000";"73820";"5";"Дом 8";"7";""
"Дом у озера";"https://tyumen.brusnika.ru/flat/44356/";"135,7";"";"18160000";"44356";"8";"Дом у озера 2";"7";""
"Речной порт";"https://tyumen.brusnika.ru/flat/71366/";"80,3";"";"18160000";"71366";"8";"Дом 4";"1";"8"
"1А Первомайская";"https://tyumen.brusnika.ru/flat/65948/";"73,5";"18180000";"24900000";"65948";"4";"Дом 2";"1";"8"
"Дом у озера";"https://tyumen.brusnika.ru/flat/59282/";"140,3";"";"18200000";"59282";"1";"Дом у озера 2";"7";""
"Зарека";"https://tyumen.brusnika.ru/flat/67237/";"111,3";"";"18220000";"67237";"8";"Дом 2-1";"2";"8"
"Речной порт";"https://tyumen.brusnika.ru/flat/65628/";"143,1";"";"18240000";"65628";"2";"Дом 4";"5";"7"
"1А Первомайская";"https://tyumen.brusnika.ru/flat/43480/";"72,6";"18250000";"25000000";"43480";"5";"Дом 2";"1";"8"
"1А Первомайская";"https://tyumen.brusnika.ru/flat/43486/";"72,3";"18250000";"25000000";"43486";"7";"Дом 2";"1";"8"
"Кварталы «На Минской»";"https://tyumen.brusnika.ru/flat/54666/";"92";"";"18260000";"54666";"4";"Дом 2";"10";"7"
"Кварталы «На Минской»";"https://tyumen.brusnika.ru/flat/58251/";"112,2";"";"18280000";"58251";"2";"Дом 2";"6";"8"
"Речной порт";"https://tyumen.brusnika.ru/flat/42911/";"102,1";"";"18290000";"42911";"1";"Дом 9";"4";"7"
"Кварталы «На Минской»";"https://tyumen.brusnika.ru/flat/54712/";"112,4";"";"18310000";"54712";"2";"Дом 2";"5";"11"
"Кварталы «На Минской»";"https://tyumen.brusnika.ru/flat/49609/";"96,1";"";"18330000";"49609";"3";"Дом 1";"3";"7"
"Зарека";"https://tyumen.brusnika.ru/flat/67039/";"119,3";"";"18370000";"67039";"7";"Дом 2-1";"7";"7"
"Речной порт";"https://tyumen.brusnika.ru/flat/58428/";"90,6";"";"18380000";"58428";"5";"Дом 9";"1";"5"
"Речной порт";"https://tyumen.brusnika.ru/flat/50190/";"97,7";"";"18410000";"50190";"5";"Дом 9";"2";"7"
"Речной порт";"https://tyumen.brusnika.ru/flat/37836/";"109,6";"";"18410000";"37836";"1";"Дом 7";"1";""
"Дом у озера";"https://tyumen.brusnika.ru/flat/59253/";"146";"";"18440000";"59253";"8";"Дом у озера 2";"4";""
"Зарека";"https://tyumen.brusnika.ru/flat/65614/";"173,7";"18470000";"20530000";"65614";"3";"Дом 5-1";"1";"25"
"Дом у озера";"https://tyumen.brusnika.ru/flat/60150/";"162,6";"18500000";"22210000";"60150";"1";"Дом у озера 3";"2";"2"
"Зарека";"https://tyumen.brusnika.ru/flat/67117/";"126,8";"";"18550000";"67117";"2";"Дом 2-1";"5";"16"
"Зарека";"https://tyumen.brusnika.ru/flat/67197/";"116";"";"18590000";"67197";"6";"Дом 2-1";"2";"8"
"Зарека";"https://tyumen.brusnika.ru/flat/67077/";"123,7";"";"18600000";"67077";"2";"Дом 2-1";"2";"8"
"Зарека";"https://tyumen.brusnika.ru/flat/67118/";"112,8";"";"18650000";"67118";"6";"Дом 2-1";"2";"8"
"Дом у озера";"https://tyumen.brusnika.ru/flat/60091/";"130,3";"";"18660000";"60091";"8";"Дом у озера 3";"4";"8"
"Дом у озера";"https://tyumen.brusnika.ru/flat/60153/";"112,2";"";"18660000";"60153";"8";"Дом у озера 3";"3";"8"
"Дом у озера";"https://tyumen.brusnika.ru/flat/44409/";"114,3";"";"18700000";"44409";"3";"Дом у озера 2";"5";""
"Республики 205";"https://tyumen.brusnika.ru/flat/56440/";"186,7";"18710000";"22790000";"56440";"3";"Дом 3-1";"2";"8"
"Кварталы «На Минской»";"https://tyumen.brusnika.ru/flat/50043/";"97,4";"";"18750000";"50043";"2";"Дом 1";"3";"7"
"Речной порт";"https://tyumen.brusnika.ru/flat/37756/";"134";"";"18780000";"37756";"4";"Дом 7";"2";""
"Кварталы «На Минской»";"https://tyumen.brusnika.ru/flat/56842/";"117,4";"";"18800000";"56842";"2";"Дом 1";"3";"7"
"Речной порт";"https://tyumen.brusnika.ru/flat/54147/";"147,8";"";"18820000";"54147";"1";"Дом 4";"7";"10"
"Зарека";"https://tyumen.brusnika.ru/flat/67149/";"120,7";"";"18870000";"67149";"6";"Дом 2-1";"3";"8"
"Дом у озера";"https://tyumen.brusnika.ru/flat/44307/";"143,9";"";"18920000";"44307";"4";"Дом у озера 2";"6";""
"Кварталы «На Минской»";"https://tyumen.brusnika.ru/flat/56285/";"139,1";"18940000";"21360000";"56285";"2";"Дом 1";"5";"8"
"Республики 205";"https://tyumen.brusnika.ru/flat/48232/";"148,1";"";"18960000";"48232";"7";"Дом 2";"5";"7"
"Кварталы «На Минской»";"https://tyumen.brusnika.ru/flat/49638/";"96,1";"";"18980000";"49638";"4";"Дом 1";"3";"7"
"Кварталы «На Минской»";"https://tyumen.brusnika.ru/flat/54674/";"140,4";"19100000";"22530000";"54674";"2";"Дом 2";"10";"7"
"Речной порт";"https://tyumen.brusnika.ru/flat/72042/";"149,5";"";"19140000";"72042";"1";"Дом 4";"8";"9"
"Кварталы «На Минской»";"https://tyumen.brusnika.ru/flat/54686/";"136";"19200000";"25290000";"54686";"7";"Дом 2";"9";"7"
"Речной порт";"https://tyumen.brusnika.ru/flat/72148/";"104,2";"";"19240000";"72148";"15";"Дом 6-2";"3";"18"
"Зарека";"https://tyumen.brusnika.ru/flat/69614/";"158,9";"";"19310000";"69614";"8";"Дом 5-2";"4";"8"
"Дом у озера";"https://tyumen.brusnika.ru/flat/44359/";"156";"";"19360000";"44359";"1";"Дом у озера 2";"9";""
"Речной порт";"https://tyumen.brusnika.ru/flat/73319/";"140,1";"";"19390000";"73319";"8";"Дом 8";"4";""
"Дом у озера";"https://tyumen.brusnika.ru/flat/60149/";"131";"19440000";"20550000";"60149";"3";"Дом у озера 3";"6";"4"
"1А Первомайская";"https://tyumen.brusnika.ru/flat/67014/";"55,2";"19570000";"21990000";"67014";"4";"Дом 2";"1";"8"
"Речной порт";"https://tyumen.brusnika.ru/flat/72196/";"101,8";"";"19570000";"72196";"5";"Дом 6-2";"2";"12"
"Речной порт";"https://tyumen.brusnika.ru/flat/37780/";"141,8";"";"19700000";"37780";"4";"Дом 7";"3";""
"Речной порт";"https://tyumen.brusnika.ru/flat/67954/";"164";"19710000";"20710000";"67954";"2";"Дом 4";"4";"8"
"Зарека";"https://tyumen.brusnika.ru/flat/67296/";"148,1";"";"19760000";"67296";"7";"Дом 2-1";"7";"7"
"Речной порт";"https://tyumen.brusnika.ru/flat/66316/";"117,4";"";"20000000";"66316";"5";"Дом 9";"5";"5"
"Речной порт";"https://tyumen.brusnika.ru/flat/72180/";"104,2";"";"20070000";"72180";"14";"Дом 6-2";"3";"18"
"Зарека";"https://tyumen.brusnika.ru/flat/67102/";"128,2";"";"20350000";"67102";"2";"Дом 2-1";"1";"8"
"Речной порт";"https://tyumen.brusnika.ru/flat/42883/";"127,1";"";"20400000";"42883";"1";"Дом 9";"3";"9"
"Речной порт";"https://tyumen.brusnika.ru/flat/67933/";"174,1";"20440000";"21910000";"67933";"8";"Дом 4";"4";"8"
"Кварталы «На Минской»";"https://tyumen.brusnika.ru/flat/54817/";"150,1";"20440000";"24070000";"54817";"6";"Дом 2";"2";"7"
"Речной порт";"https://tyumen.brusnika.ru/flat/67957/";"161,8";"";"20470000";"67957";"9";"Дом 4";"6";"9"
"Кварталы «На Минской»";"https://tyumen.brusnika.ru/flat/49598/";"116";"";"20480000";"49598";"3";"Дом 1";"1";"16"
"Дом у озера";"https://tyumen.brusnika.ru/flat/60093/";"156,8";"20510000";"21510000";"60093";"1";"Дом у озера 3";"6";"4"
"Кварталы «На Минской»";"https://tyumen.brusnika.ru/flat/70403/";"126,8";"";"20510000";"70403";"7";"Дом 2";"3";"7"
"Речной порт";"https://tyumen.brusnika.ru/flat/58430/";"118";"";"20520000";"58430";"8";"Дом 9";"3";"9"
"Зарека";"https://tyumen.brusnika.ru/flat/57175/";"173,7";"";"20540000";"57175";"3";"Дом 5-1";"1";"25"
"Речной порт";"https://tyumen.brusnika.ru/flat/72144/";"107,4";"";"20660000";"72144";"8";"Дом 6-2";"1";"9"
"Дом у озера";"https://tyumen.brusnika.ru/flat/60112/";"150,7";"";"20750000";"60112";"7";"Дом у озера 3";"5";"7"
"Речной порт";"https://tyumen.brusnika.ru/flat/73317/";"121,1";"";"20750000";"73317";"5";"Дом 9";"5";"5"
"Речной порт";"https://tyumen.brusnika.ru/flat/72160/";"102,8";"";"20790000";"72160";"11";"Дом 6-2";"2";"12"
"Кварталы «На Минской»";"https://tyumen.brusnika.ru/flat/54688/";"153";"20810000";"24430000";"54688";"2";"Дом 2";"9";"7"
"Дом у озера";"https://tyumen.brusnika.ru/flat/60105/";"152,2";"";"20940000";"60105";"1";"Дом у озера 3";"6";"4"
"Зарека";"https://tyumen.brusnika.ru/flat/67075/";"147,4";"";"20940000";"67075";"2";"Дом 2-1";"2";"8"
"Дом у озера";"https://tyumen.brusnika.ru/flat/60135/";"135,8";"";"20990000";"60135";"7";"Дом у озера 3";"5";"7"
"Речной порт";"https://tyumen.brusnika.ru/flat/72228/";"117,6";"";"20990000";"72228";"13";"Дом 6-2";"3";"18"
"Дом у озера";"https://tyumen.brusnika.ru/flat/44352/";"171,8";"";"21070000";"44352";"1";"Дом у озера 2";"10";""
"Дом у озера";"https://tyumen.brusnika.ru/flat/60126/";"140,7";"";"21110000";"60126";"3";"Дом у озера 3";"6";"4"
"Дом у озера";"https://tyumen.brusnika.ru/flat/60128/";"154,7";"";"21260000";"60128";"8";"Дом у озера 3";"3";"8"
"Речной порт";"https://tyumen.brusnika.ru/flat/72260/";"119,2";"";"21370000";"72260";"8";"Дом 6-2";"1";"9"
"Речной порт";"https://tyumen.brusnika.ru/flat/42882/";"139,1";"";"21410000";"42882";"1";"Дом 9";"3";"9"
"Речной порт";"https://tyumen.brusnika.ru/flat/73322/";"159,5";"";"21440000";"73322";"6";"Дом 8";"6";""
"Дом у озера";"https://tyumen.brusnika.ru/flat/44324/";"170,2";"";"21550000";"44324";"1";"Дом у озера 2";"9";""
"Кварталы «На Минской»";"https://tyumen.brusnika.ru/flat/54680/";"158,4";"21560000";"25790000";"54680";"7";"Дом 2";"10";"7"
"Зарека";"https://tyumen.brusnika.ru/flat/67122/";"139,4";"";"21630000";"67122";"7";"Дом 2-1";"6";"7"
"Зарека";"https://tyumen.brusnika.ru/flat/67187/";"139,6";"";"21650000";"67187";"7";"Дом 2-1";"6";"7"
"Дом у озера";"https://tyumen.brusnika.ru/flat/44328/";"171,5";"";"21710000";"44328";"1";"Дом у озера 2";"9";""
"Речной порт";"https://tyumen.brusnika.ru/flat/43501/";"166,1";"";"21720000";"43501";"6";"Дом 8";"2";""
"Дом у озера";"https://tyumen.brusnika.ru/flat/60082/";"159";"";"21790000";"60082";"1";"Дом у озера 3";"6";"4"
"Зарека";"https://tyumen.brusnika.ru/flat/67082/";"149,6";"";"21790000";"67082";"2";"Дом 2-1";"7";"7"
"Зарека";"https://tyumen.brusnika.ru/flat/51641/";"177,5";"";"21970000";"51641";"15";"Дом 5-2";"1";"16"
"Речной порт";"https://tyumen.brusnika.ru/flat/67937/";"175";"";"22000000";"67937";"10";"Дом 4";"3";"10"
"Кварталы «На Минской»";"https://tyumen.brusnika.ru/flat/54691/";"136,3";"";"22080000";"54691";"2";"Дом 2";"8";"7"
"Речной порт";"https://tyumen.brusnika.ru/flat/67934/";"175,6";"";"22080000";"67934";"8";"Дом 4";"4";"8"
"Речной порт";"https://tyumen.brusnika.ru/flat/72158/";"131,1";"";"22110000";"72158";"1";"Дом 6-2";"3";"18"
"Речной порт";"https://tyumen.brusnika.ru/flat/73318/";"167";"";"22300000";"73318";"7";"Дом 8";"3";""
"Дом у озера";"https://tyumen.brusnika.ru/flat/60122/";"163,7";"";"22370000";"60122";"3";"Дом у озера 3";"6";"4"
"Дом у озера";"https://tyumen.brusnika.ru/flat/44384/";"176,5";"";"22380000";"44384";"1";"Дом у озера 2";"8";""
"Дом у озера";"https://tyumen.brusnika.ru/flat/60098/";"165,4";"";"22580000";"60098";"3";"Дом у озера 3";"6";"4"
"Речной порт";"https://tyumen.brusnika.ru/flat/49506/";"132,9";"";"22690000";"49506";"8";"Дом 8";"4";""
"Дом у озера";"https://tyumen.brusnika.ru/flat/60139/";"170,6";"";"23090000";"60139";"1";"Дом у озера 3";"1";"2"
"Речной порт";"https://tyumen.brusnika.ru/flat/72246/";"118,3";"";"23140000";"72246";"10";"Дом 6-2";"2";"12"
"Речной порт";"https://tyumen.brusnika.ru/flat/54162/";"197,5";"23180000";"24680000";"54162";"7";"Дом 4";"5";"7"
"Речной порт";"https://tyumen.brusnika.ru/flat/72247/";"140,3";"";"23190000";"72247";"1";"Дом 6-2";"1";"9"
"Дом у озера";"https://tyumen.brusnika.ru/flat/60078/";"170,4";"";"23210000";"60078";"1";"Дом у озера 3";"2";"2"
"Зарека";"https://tyumen.brusnika.ru/flat/69619/";"193,5";"";"23450000";"69619";"7";"Дом 5-2";"6";"7"
"Дом у озера";"https://tyumen.brusnika.ru/flat/44383/";"189,9";"";"23610000";"44383";"1";"Дом у озера 2";"2";""
"Речной порт";"https://tyumen.brusnika.ru/flat/67930/";"185,1";"";"23680000";"67930";"10";"Дом 4";"3";"10"
"Кварталы «На Минской»";"https://tyumen.brusnika.ru/flat/62476/";"151,6";"";"24220000";"62476";"8";"Дом 2";"6";"8"
"Речной порт";"https://tyumen.brusnika.ru/flat/72040/";"194,7";"";"24350000";"72040";"1";"Дом 4";"8";"9"
"Кварталы «На Минской»";"https://tyumen.brusnika.ru/flat/56287/";"181,2";"24660000";"27420000";"56287";"15";"Дом 1";"1";"16"
"Речной порт";"https://tyumen.brusnika.ru/flat/72253/";"143,7";"";"24810000";"72253";"7";"Дом 6-2";"1";"9"
"Кварталы «На Минской»";"https://tyumen.brusnika.ru/flat/54677/";"155,8";"";"24870000";"54677";"2";"Дом 2";"1";"7"
"Речной порт";"https://tyumen.brusnika.ru/flat/42949/";"169,5";"";"24890000";"42949";"1";"Дом 9";"4";"7"
"Дом у озера";"https://tyumen.brusnika.ru/flat/60086/";"186";"";"25140000";"60086";"8";"Урбан-вилла 1";"1";"8"
"Дом у озера";"https://tyumen.brusnika.ru/flat/60106/";"221";"25140000";"29570000";"60106";"2";"Дом у озера 3";"2";"2"
"Дом у озера";"https://tyumen.brusnika.ru/flat/60121/";"223";"25370000";"29780000";"60121";"2";"Дом у озера 3";"2";"2"
"Речной порт";"https://tyumen.brusnika.ru/flat/61195/";"139,6";"";"26110000";"61195";"5";"Дом 9";"1";"5"
"Дом у озера";"https://tyumen.brusnika.ru/flat/44346/";"216,8";"";"26430000";"44346";"1";"Дом у озера 2";"10";""
"Речной порт";"https://tyumen.brusnika.ru/flat/44531/";"214,3";"";"26750000";"44531";"1";"Дом 8";"6";""
"Кварталы «На Минской»";"https://tyumen.brusnika.ru/flat/56855/";"197,1";"26830000";"31100000";"56855";"7";"Дом 2";"9";"7"
"Зарека";"https://tyumen.brusnika.ru/flat/67176/";"160,5";"";"26980000";"67176";"7";"Дом 2-1";"7";"7"
"Кварталы «На Минской»";"https://tyumen.brusnika.ru/flat/49613/";"178,9";"";"27090000";"49613";"7";"Дом 1";"2";"7"
"Кварталы «На Минской»";"https://tyumen.brusnika.ru/flat/54815/";"174,6";"";"27690000";"54815";"7";"Дом 2";"1";"7"
"Кварталы «На Минской»";"https://tyumen.brusnika.ru/flat/56148/";"205,5";"27960000";"30920000";"56148";"7";"Дом 1";"2";"7"
"Речной порт";"https://tyumen.brusnika.ru/flat/66348/";"227,9";"";"28280000";"66348";"10";"Дом 4";"3";"10"
"Кварталы «На Минской»";"https://tyumen.brusnika.ru/flat/54702/";"179,7";"";"28480000";"54702";"7";"Дом 2";"7";"7"
"Дом у озера";"https://tyumen.brusnika.ru/flat/60141/";"220,8";"";"29540000";"60141";"2";"Дом у озера 3";"1";"2"
"Речной порт";"https://tyumen.brusnika.ru/flat/49507/";"159,7";"";"29680000";"49507";"6";"Дом 8";"6";""
"Дом у озера";"https://tyumen.brusnika.ru/flat/60115/";"221,7";"";"30240000";"60115";"2";"Дом у озера 3";"1";"2"
"Речной порт";"https://tyumen.brusnika.ru/flat/73321/";"179,6";"";"31490000";"73321";"5";"Дом 8";"1";""
"Речной порт";"https://tyumen.brusnika.ru/flat/58429/";"180,1";"";"31670000";"58429";"5";"Дом 8";"7";""
"Кварталы «На Минской»";"https://tyumen.brusnika.ru/flat/49650/";"221,9";"";"33280000";"49650";"7";"Дом 1";"3";"7"
"Кварталы «На Минской»";"https://tyumen.brusnika.ru/flat/56288/";"257,2";"35000000";"38360000";"56288";"8";"Дом 1";"5";"8"
"1А Первомайская";"https://tyumen.brusnika.ru/flat/23219/";"226";"47760000";"54900000";"23219";"8";"Дом 2";"2";"8"
"1А Первомайская";"https://tyumen.brusnika.ru/flat/26500/";"246,3";"54070000";"65150000";"26500";"8";"Дом 2";"1";"8"
"1А Первомайская";"https://tyumen.brusnika.ru/flat/23234/";"253,2";"55490000";"66860000";"23234";"8";"Дом 2";"1";"8"
"1А Первомайская";"https://tyumen.brusnika.ru/flat/23281/";"259,7";"55880000";"67320000";"23281";"7";"Дом 3";"1";"7"
"1А Первомайская";"https://tyumen.brusnika.ru/flat/23282/";"310";"66140000";"79690000";"23282";"7";"Дом 3";"2";"7"